roomType,category,title,price,currency,retailer,affiliateUrl,productUrl,imageUrl,width,depth,height,dimensionUnit,color,material,styleTags,visualDescription,notes
living_room,accent_chair,"DUMOS Mid Century Modern Accent Chair, Upholstered Armchair with Lumbar Pillow and Solid Wood Frame, Comfy Reading Chair for Small Living Room, Bedroom, Guest Room, Navy Blue",76.97,USD,Amazon / DUMOS,https://www.amazon.com/dp/B0GTZ6JFQ9?tag=20260409-20,https://www.amazon.com/dp/B0GTZ6JFQ9,https://m.media-amazon.com/images/I/814GevLMtVL._AC_SL1500_.jpg,22.23,29.9,28.7,in,Navy Blue,Wood,modern;scandinavian;cozy,"A Navy Blue rectangular accent chair made with Wood matching this product title: DUMOS Mid Century Modern Accent Chair, Upholstered Armchair with Lumbar Pillow and Solid Wood Frame, Comfy Reading Chair for Small Living Room, Bedroom, Guest Room, Navy Blue.  Key detail: 【Ergonomic Comfort & Lumbar Support】With a 105° backrest, this accent chair follows the spine’s curve. The lumbar pillow and 6.7"" foam cushion provide support and reduce discomfort",ASIN: B0GTZ6JFQ9; Stock: In Stock; Reviews: 75; Rating: 4.1
living_room,accent_chair,"COLAMY Modern Accent Chair with with Solid Wood Frame, Mid Century Reading Leisure Armchair Lumbar Pillow& Soft Cushion, Relaxing Chair for Living Room,Bedroom,Waiting Room（Beige）",129.99,USD,Amazon / COLAMY,https://www.amazon.com/dp/B0FZJBZ8M6?tag=20260409-20,https://www.amazon.com/dp/B0FZJBZ8M6,https://m.media-amazon.com/images/I/81yo4jKWmsL._AC_SL1500_.jpg,29.92,33.39,25.59,in,Beige,Nylon,modern;minimalist;cozy,"A Beige rectangular accent chair made with Nylon matching this product title: COLAMY Modern Accent Chair with with Solid Wood Frame, Mid Century Reading Leisure Armchair Lumbar Pillow& Soft Cushion, Relaxing Chair for Living Room,Bedroom,Waiting Room（Beige）.  Key detail: 【Versatile Style & Comfort for Any Space】:Our Accent Chair combines style and function, designed to add a touch of elegance to rooms. With its unique silhouette, sofa cushion, and ",ASIN: B0FZJBZ8M6; Stock: Only 1 left in stock - order soon.; Reviews: 186; Rating: 4.2
living_room,accent_chair,"Weture Mid-Century Accent Chair,Modern Linen Fabric Armchair for Living Room,Comfy Upholstered Reading Accent Chairs for Bedroom,Single Sofa Chair with Wood Legs (Dark Grey, 1 Pack)",99.98,USD,Amazon / Weture,https://www.amazon.com/dp/B0CRSMJ36H?tag=20260409-20,https://www.amazon.com/dp/B0CRSMJ36H,https://m.media-amazon.com/images/I/81SI8mdHQbL._AC_SL1500_.jpg,30,33.9,32.3,in,Dark Grey,Wood,modern;minimalist;cozy,"A Dark Grey rectangular accent chair made with Wood with Wood finish matching this product title: Weture Mid-Century Accent Chair,Modern Linen Fabric Armchair for Living Room,Comfy Upholstered Reading Accent Chairs for Bedroom,Single Sofa Chair with Wood Legs (Dark Grey, 1 Pack).  Key detail: MID-CENTURY MODERN ELEGANCE:Step into the world of timeless sophistication with our mid-century modern accent chair.Its sleek,minimalist design boasts fluid lines and a chic simpli",ASIN: B0CRSMJ36H; Stock: In Stock; Reviews: 1093; Rating: 4.1
living_room,accent_chair,"DUMOS Mid Century Modern Accent Chair, Upholstered Armchair with Lumbar Pillow and Solid Wood Frame, Comfy Reading Chair for Small Living Room, Bedroom, Guest Room, Beige",76.57,USD,Amazon / DUMOS,https://www.amazon.com/dp/B0GTZD6GYV?tag=20260409-20,https://www.amazon.com/dp/B0GTZD6GYV,https://m.media-amazon.com/images/I/715UvStFC2L._AC_SL1500_.jpg,22.23,29.9,28.7,in,Beige,Wood,modern;scandinavian;cozy,"A Beige rectangular accent chair made with Wood matching this product title: DUMOS Mid Century Modern Accent Chair, Upholstered Armchair with Lumbar Pillow and Solid Wood Frame, Comfy Reading Chair for Small Living Room, Bedroom, Guest Room, Beige.  Key detail: 【Ergonomic Comfort & Lumbar Support】With a 105° backrest, this accent chair follows the spine’s curve. The lumbar pillow and 6.7"" foam cushion provide support and reduce discomfort",ASIN: B0GTZD6GYV; Stock: In Stock  Only 1 left in stock - order soon.; Reviews: 75; Rating: 4.1
living_room,accent_chair,"Lexicon Modern Accent Chair, Faux Leather Upholstered Living Room Chair with Wrapped Armrests, Arm Chair with Black Metal Frame, Comfy Single Chair for Living Room/Bedroom/Reading Room/Office, Brown",114.45,USD,Amazon / Lexicon,https://www.amazon.com/dp/B0DM8Q42NQ?tag=20260409-20,https://www.amazon.com/dp/B0DM8Q42NQ,https://m.media-amazon.com/images/I/81Y80O9dKAL._AC_SL1500_.jpg,24.5,28.5,33,in,Brown,"Faux Leather, Foam, Metal, Wood",modern;cozy,"A Brown rectangular accent chair made with Faux Leather, Foam, Metal, Wood with Metal finish matching this product title: Lexicon Modern Accent Chair, Faux Leather Upholstered Living Room Chair with Wrapped Armrests, Arm Chair with Black Metal Frame, Comfy Single Chair for Living Room/Bedroom/Reading Room/Office, Brown.  Key detail: [Mid-Century & Simple Style] This stylish accent chair features an exposed metal frame in a sleek black finish, adding a contemporary edge to any room. Upholstered in brown faux le",ASIN: B0DM8Q42NQ; Stock: In Stock  Only 1 left in stock - order soon.; Reviews: 50; Rating: 4.7
living_room,accent_chair,"Howjoe Chenille Oversized Armchair, 38.6"" Wide Accent Chairs for Living Room & Bedroom Modern Lounge Chair, Upholstered Mid-Century Reading Chair, Comfy Living Room Chair, Single Sofa Chair, Beige",99.99,USD,Amazon / Howjoe,https://www.amazon.com/dp/B0DLGBQ15K?tag=20260409-20,https://www.amazon.com/dp/B0DLGBQ15K,https://m.media-amazon.com/images/I/91JBuOlpryL._AC_SL1500_.jpg,33.07,38.58,34.25,in,Beige,Chenille,modern;cozy,"A Beige l-shape accent chair made with Chenille matching this product title: Howjoe Chenille Oversized Armchair, 38.6"" Wide Accent Chairs for Living Room & Bedroom Modern Lounge Chair, Upholstered Mid-Century Reading Chair, Comfy Living Room Chair, Single Sofa Chair, Beige.  Key detail: Modern Oversized Accent Chair: This comfy reading chair features a sleek, contemporary design with an arched backrest and curved armrests. Its clean lines and elegant shape blend s",ASIN: B0DLGBQ15K; Stock: In Stock; Reviews: 462; Rating: 4.2
living_room,accent_chair,"Lexicon 360 Degree Swivel Accent Chair, Modern Comfy Velvet Round Barrel Chair, Open Back, Plush Foam Cushions, Metal Swivel Base for Living Room/Bedroom/Office/Small Spaces, Orange",179.16,USD,Amazon / Lexicon,https://www.amazon.com/dp/B0DWM933YC?tag=20260409-20,https://www.amazon.com/dp/B0DWM933YC,https://m.media-amazon.com/images/I/916v3Sbp6VL._AC_SL1500_.jpg,27,26,28,in,Orange,"Foam, Metal, Velvet, Wood",modern;cozy,"A Orange rectangular accent chair made with Foam, Metal, Velvet, Wood with Velvet finish matching this product title: Lexicon 360 Degree Swivel Accent Chair, Modern Comfy Velvet Round Barrel Chair, Open Back, Plush Foam Cushions, Metal Swivel Base for Living Room/Bedroom/Office/Small Spaces, Orange.  Key detail: Fabric Composition: 100% Polyester",ASIN: B0DWM933YC; Stock: In Stock; Reviews: 69; Rating: 4.7
living_room,accent_chair,"Mid Century Modern Accent Chair, Button Tufted Armless Lounge Chair, Upholstered Linen Side Chair with Solid Wood Legs for Bedroom, Living Room, Office",149.99,USD,Amazon / Yongqiang,https://www.amazon.com/dp/B08DWS5K4Y?tag=20260409-20,https://www.amazon.com/dp/B08DWS5K4Y,https://m.media-amazon.com/images/I/81KbMrdEb6L._AC_SL1500_.jpg,25,37.5,32.5,in,Cream,"Wood, Linen Fabric, Sponge",modern;cozy,"A Cream l-shape accent chair made with Wood, Linen Fabric, Sponge with Wood finish matching this product title: Mid Century Modern Accent Chair, Button Tufted Armless Lounge Chair, Upholstered Linen Side Chair with Solid Wood Legs for Bedroom, Living Room, Office.  Key detail: Stylish Mid-Century Modern Design: This armless slipper chair features clean lines, button tufting on the curved back and black solid wood legs, blending effortlessly with bedroom,",ASIN: B08DWS5K4Y; Stock: In Stock; Reviews: 1764; Rating: 4.4
living_room,accent_chair,"Bonnlo Fine Beige Accent Chairs Set of 2, Upholstered Mid Century Modern Lounge Fabric Chairs Reading Chairs Side Sitting Chair Solid Wood Farmhouse Armchairs for Living Room, Bedroom, Guest Room",209.99,USD,Amazon / Bonnlo,https://www.amazon.com/dp/B0BN3FGP5X?tag=20260409-20,https://www.amazon.com/dp/B0BN3FGP5X,https://m.media-amazon.com/images/I/71Fmeca7skL._AC_SL1500_.jpg,32.3,25.6,22,in,Fine Linen-beige,Linen,modern;farmhouse;cozy,"A Fine Linen-beige l-shape accent chair made with Linen with Wood finish matching this product title: Bonnlo Fine Beige Accent Chairs Set of 2, Upholstered Mid Century Modern Lounge Fabric Chairs Reading Chairs Side Sitting Chair Solid Wood Farmhouse Armchairs for Living Room, Bedroom, Guest Room.  Key detail: 【Dimension Quick Look】Over Dimension: 25.6""W*32.3""D*29.5H; Seat Dimension: 23.6""W*20.5""D*17.3""H; Cushion Thickness: 5.5""; Maximum Weight Capacity: 330lbs.",ASIN: B0BN3FGP5X; Stock: In Stock; Reviews: 280; Rating: 4.4
living_room,accent_chair,"Mid Century Modern Accent Chair, Upholstered Armless Lounge Chair with Wooden Frame and Thick Padded Seat for Living Room, Bedroom,Moss Green",189,USD,Amazon / KISLOT,https://www.amazon.com/dp/B0GWQBWSZH?tag=20260409-20,https://www.amazon.com/dp/B0GWQBWSZH,https://m.media-amazon.com/images/I/81TWE-rw+NL._AC_SL1500_.jpg,33.07,32.68,32.68,in,Moss Green,Wood,modern;minimalist;scandinavian;cozy,"A Moss Green l-shape accent chair made with Wood matching this product title: Mid Century Modern Accent Chair, Upholstered Armless Lounge Chair with Wooden Frame and Thick Padded Seat for Living Room, Bedroom,Moss Green.  Key detail: 𝗔𝗿𝗺𝗹𝗲𝘀𝘀 𝗟𝗼𝘂𝗻𝗴𝗲 𝗖𝗵𝗮𝗶𝗿 – 𝗦𝗹𝗲𝗲𝗸 & 𝗠𝗶𝗻𝗶𝗺𝗮𝗹𝗶𝘀𝘁 𝗗𝗲𝘀𝗶𝗴𝗻:With a clean, contemporary look, this accent chair blends effortlessly into modern or transi",ASIN: B0GWQBWSZH; Stock: In Stock; Reviews: 20; Rating: 4.8
bedroom,dresser,"HUAHUU 55"" Wide Fluted 6 Drawers Dresser for Bedroom, Mid Century Modern Dresser & Chests of Drawers, Curved Profile Design, Dressers TV Stand, Wood Storage for Hallway, Entryway, Oak",179.98,USD,Amazon / HUAHUU,https://www.amazon.com/dp/B0DYDJM5LT?tag=20260409-20,https://www.amazon.com/dp/B0DYDJM5LT,https://m.media-amazon.com/images/I/811XYVp6Z9L._AC_SL1500_.jpg,55.1,15.7,31.5,in,Natural Oak,"Engineered Wood, Metal",modern;scandinavian,"A Natural Oak rectangular dresser made with Engineered Wood, Metal matching this product title: HUAHUU 55"" Wide Fluted 6 Drawers Dresser for Bedroom, Mid Century Modern Dresser & Chests of Drawers, Curved Profile Design, Dressers TV Stand, Wood Storage for Hallway, Entryway, Oak.  Key detail: Fluted Dresser Design: The fluted tambour panel with sleek curved profile design on both sides of the 6 drawer dresser is unique and elegant, enhancing the texture and spatial pres",ASIN: B0DYDJM5LT; Stock: In Stock; Reviews: 57; Rating: 4.1
bedroom,dresser,"Aitjunz Modern 8 Drawers Dresser for Bedroom, 55"" Wide Dressers & Chest of Drawers w/Curved Profile Design, Wood Mid Century Storage Dressers Organizer for Bedroom, Living Room, Natural Oak",289.99,USD,Amazon / Aitjunz,https://www.amazon.com/dp/B0F48J6YY7?tag=20260409-20,https://www.amazon.com/dp/B0F48J6YY7,https://m.media-amazon.com/images/I/816NfAInFnL._AC_SL1500_.jpg,55.11,15.5,30.78,in,Natural Oak,Engineered Wood,modern;scandinavian;cozy,"A Natural Oak rectangular dresser made with Engineered Wood matching this product title: Aitjunz Modern 8 Drawers Dresser for Bedroom, 55"" Wide Dressers & Chest of Drawers w/Curved Profile Design, Wood Mid Century Storage Dressers Organizer for Bedroom, Living Room, Natural Oak.  Key detail: Dimensions & Storage: The wooden dresser measures 55.11"" W x 15.55"" L x 30.78"" H. This chest of drawers comes with 6 medium drawers 16.53"" W × 13.77"" D × 5.11"" H and 2 large drawer",ASIN: B0F48J6YY7; Stock: In stock; Reviews: 564; Rating: 4.2
bedroom,dresser,"SONGMICS Dresser for Bedroom, Chest of Drawers, Steel, MDF, 5 Non-Woven Fabric Drawers, Storage Organizer Unit, Closet, Entryway, Ink Black and Ebony Black ULGS322B01S",42.99,USD,Amazon / SONGMICS,https://www.amazon.com/dp/B0F995LVQV?tag=20260409-20,https://www.amazon.com/dp/B0F995LVQV,https://m.media-amazon.com/images/I/812ivAwegiL._AC_SL1500_.jpg,38.9,11.8,20.6,in,Ink Black + Ebony Black,"MDF (Medium Density Fiberboard), Particleboard, Steel, Non-Woven Fabric",modern;cozy,"A Ink Black + Ebony Black dresser made with MDF (Medium Density Fiberboard), Particleboard, Steel, Non-Woven Fabric matching this product title: SONGMICS Dresser for Bedroom, Chest of Drawers, Steel, MDF, 5 Non-Woven Fabric Drawers, Storage Organizer Unit, Closet, Entryway, Ink Black and Ebony Black ULGS322B01S.  Key detail: Versatile: This modern chest of drawers provides stylish storage for closets, hallways, living rooms, bedrooms, and offices alike. It can also serve as a TV stand",ASIN: B0F995LVQV; Stock: In Stock; Reviews: 5529; Rating: 4.3
living_room,coffee_table,"Coffee Table for Living Room Mid Century Modern Center Table with Glass Top and Wood, 36 Inch, Brown/Walnut",149.75,USD,Amazon / JCAJCA,https://www.amazon.com/dp/B0FGD6STYP?tag=20260409-20,https://www.amazon.com/dp/B0FGD6STYP,https://m.media-amazon.com/images/I/81-a1cUJElL._AC_SL1500_.jpg,36.2,25.6,16.5,in,Brown/Walnut,Glass,modern;minimalist;scandinavian,"A Brown/Walnut triangular coffee table made with Glass with Walnut finish matching this product title: Coffee Table for Living Room Mid Century Modern Center Table with Glass Top and Wood, 36 Inch, Brown/Walnut.  Key detail: 🌺【𝐏𝐚𝐜𝐤𝐚𝐠𝐞 & 𝐍𝐨𝐭𝐞】Set of 1.Manual measurement which may have 0.78-1.18inch measurement error. Any problem please contact us to get fast solutions.",ASIN: B0FGD6STYP; Stock: In Stock; Reviews: 335; Rating: 4.1
bedroom,dresser,"Messenya Modern 6 Drawer Dresser, 47-Inch Wood Chest of Drawers, Curved Anti-Collision Design, Mid-Century Storage Cabinet, Pre-Embedded Slots, for Bedroom, Living Room, TV Stand, Nursery",299,USD,Amazon / Messenya,https://www.amazon.com/dp/B0F46M3MHD?tag=20260409-20,https://www.amazon.com/dp/B0F46M3MHD,https://m.media-amazon.com/images/I/71+5qPAGmML._AC_SL1500_.jpg,47.2,15.7,30.7,in,Brown,"Engineered Wood, Oak Wood",modern;scandinavian,"A Brown rectangular dresser made with Engineered Wood, Oak Wood matching this product title: Messenya Modern 6 Drawer Dresser, 47-Inch Wood Chest of Drawers, Curved Anti-Collision Design, Mid-Century Storage Cabinet, Pre-Embedded Slots, for Bedroom, Living Room, TV Stand, Nursery.  Key detail: Elegant and Modern Design: Featuring sleek lines and a versatile style, this 6-drawer dresser complements any home decor, from modern to mid-century aesthetics. The beveled edges a",ASIN: B0F46M3MHD; Stock: In Stock; Reviews: 160; Rating: 4.5
living_room,coffee_table,"Furniway Mid Century Modern Coffee Table, Wood Coffee Table with Storage, Farmhouse Table for Living Room, Apartment, Walnut",139.99,USD,Amazon / Furniway,https://www.amazon.com/dp/B0DXK8J3KZ?tag=20260409-20,https://www.amazon.com/dp/B0DXK8J3KZ,https://m.media-amazon.com/images/I/81fh1NnPZXL._AC_SL1500_.jpg,47.2,21.6,17.4,in,Walnut,Engineered Wood,modern;farmhouse,"A Walnut rectangular coffee table made with Engineered Wood with Walnut finish matching this product title: Furniway Mid Century Modern Coffee Table, Wood Coffee Table with Storage, Farmhouse Table for Living Room, Apartment, Walnut.  Key detail: MID-CENTURY COFFEE TABLE: The sophisticated and elegant exterior design of this coffee table will definitely refresh your space. The slatted sliding doors feature a vintage-meets-m",ASIN: B0DXK8J3KZ; Stock: In Stock; Reviews: 59; Rating: 4.4
living_room,sofa,"Messenya Modern Nightstand, 23.6-Inch Wide with Charging Station & Curved Anti-Collision Design, Mid-Century Storage Cabinet, Pre-Embedded Slots, Sturdy & Reusable, Ideal for Dorm, Sofa, or Office (2)",299,USD,Amazon / Messenya,https://www.amazon.com/dp/B0F1KYTQ3D?tag=20260409-20,https://www.amazon.com/dp/B0F1KYTQ3D,https://m.media-amazon.com/images/I/61A8gACKT0L._AC_SL1500_.jpg,21.7,15.8,23.6,in,Brown,"Engineered Wood, Oak",modern;minimalist,"A Brown rectangular sofa made with Engineered Wood, Oak with Medium Density Fiberboard (MDF) finish matching this product title: Messenya Modern Nightstand, 23.6-Inch Wide with Charging Station & Curved Anti-Collision Design, Mid-Century Storage Cabinet, Pre-Embedded Slots, Sturdy & Reusable, Ideal for Dorm, Sofa, or Office (2).  Key detail: Enhanced Safety and Stability: Our rounded anti-collision nightstand features a three-section thickened rail with damping technology, preventing drawers from accidentally sliding o",ASIN: B0F1KYTQ3D; Stock: Only 8 left in stock - order soon.; Reviews: 131; Rating: 4.6
bedroom,dresser,"Jocoevol Modern 6 Drawer Dresser, 47"" Wide Wood Dressers & Chests of Drawers Curved Profile Design, Mid Century Modern Fluted Dresser for Bedroom, Natural Oak",161.99,USD,Amazon / Jocoevol,https://www.amazon.com/dp/B0G641FVMT?tag=20260409-20,https://www.amazon.com/dp/B0G641FVMT,https://m.media-amazon.com/images/I/81P8w6d3UKL._AC_SL1500_.jpg,47.3,15.7,31.6,in,Oak,Engineered Wood,modern;minimalist;scandinavian,"A Oak rectangular dresser made with Engineered Wood with Oak finish matching this product title: Jocoevol Modern 6 Drawer Dresser, 47"" Wide Wood Dressers & Chests of Drawers Curved Profile Design, Mid Century Modern Fluted Dresser for Bedroom, Natural Oak.  Key detail: √ MODERN MINIMALIST DESIGN: This dresser features distinctive wave-like fluted panels that enhance the texture and visual depth of the space. Clean lines and unique handleless desi",ASIN: B0G641FVMT; Stock: In Stock; Reviews: 28; Rating: 4
bedroom,dresser,"Standifurno 9 Drawer Double Dresser for Bedroom, Modern Curved Wood Chest Drawers of Handleless, Large Storage Dresser Bedroom, Living Room, Entryway, Walnut",309.99,USD,Amazon / Standifurno,https://www.amazon.com/dp/B0FQTWN3P4?tag=20260409-20,https://www.amazon.com/dp/B0FQTWN3P4,https://m.media-amazon.com/images/I/81nUw4ixnfL._AC_SL1500_.jpg,29.5,15.4,46.3,in,Walnut,Engineered Wood,modern,"A Walnut rectangular dresser made with Engineered Wood matching this product title: Standifurno 9 Drawer Double Dresser for Bedroom, Modern Curved Wood Chest Drawers of Handleless, Large Storage Dresser Bedroom, Living Room, Entryway, Walnut.  Key detail: 【5 Spacious Drawers】: This dresser measures 29.5’’W × 15.4’’D × 46.3’’H. The chest drawer with 5 drawers offers ample storage space for clothing, accessories, books, and important ",ASIN: B0FQTWN3P4; Stock: In stock; Reviews: 97; Rating: 3.8
bedroom,dresser,"Gyfimoie 6 Drawer Dresser with Power Outlet, Floating White Dresser Chest of Drawer with LED Light,Modern Double Wide Drawer Organizer Cabinet for Bedroom,Living Room (White)",129.99,USD,Amazon / Gyfimoie,https://www.amazon.com/dp/B0CQ5765T8?tag=20260409-20,https://www.amazon.com/dp/B0CQ5765T8,https://m.media-amazon.com/images/I/71CeHs-hWtL._AC_SL1500_.jpg,47.36,15.83,29.65,in,White,Engineered Wood,modern,"A White rectangular dresser made with Engineered Wood with White finish matching this product title: Gyfimoie 6 Drawer Dresser with Power Outlet, Floating White Dresser Chest of Drawer with LED Light,Modern Double Wide Drawer Organizer Cabinet for Bedroom,Living Room (White).  Key detail: [Exceptional Storage Space] Explore possibilities storage with our 6-drawer dresser. Its thoughtful design provides exceptional space to keep your room tidy and items neatly organi",ASIN: B0CQ5765T8; Stock: Only 11 left in stock - order soon.; Reviews: 295; Rating: 4.3
bedroom,dresser,"Aitjunz Modern 7 Drawers Dresser for Bedroom, 47"" Wide Wood Dressers & Chests of Drawers w/Curved Profile Design, Mid Century Modern Dresser w/Natural Texture for Bedroom, Living Room, Black",239.99,USD,Amazon / Aitjunz,https://www.amazon.com/dp/B0DKJKM27L?tag=20260409-20,https://www.amazon.com/dp/B0DKJKM27L,https://m.media-amazon.com/images/I/71Tesl5Ao0L._AC_SL1500_.jpg,47.24,15.5,33.85,in,Black,Engineered Wood,modern;scandinavian;cozy,"A Black rectangular dresser made with Engineered Wood with Black finish matching this product title: Aitjunz Modern 7 Drawers Dresser for Bedroom, 47"" Wide Wood Dressers & Chests of Drawers w/Curved Profile Design, Mid Century Modern Dresser w/Natural Texture for Bedroom, Living Room, Black.  Key detail: Dimensions & Storage: The wooden dresser measures 47.24"" W x 15.55"" L x 33.85"" H.This chest of drawers comes with 3 small drawers 13.9"" W × 13.77"" D × 5.78"" H and 4 large drawers 2",ASIN: B0DKJKM27L; Stock: In stock; Reviews: 564; Rating: 4.2
bedroom,dresser,"SONGMICS BELLAH Collection - Dresser for Bedroom, Chest of Drawers, TV Stand for TVs Up to 55 Inches, Living Room, Closet, 6 Drawers and 1 Shelf, Modern, Cloud White ULGS833WH02S",72.7,USD,Amazon / SONGMICS,https://www.amazon.com/dp/B0GRGRB7TF?tag=20260409-20,https://www.amazon.com/dp/B0GRGRB7TF,https://m.media-amazon.com/images/I/71sFymb+F8L._AC_SL1500_.jpg,11.8,44.8,26.8,in,Cloud White,"MDF (Medium Density Fiberboard), Particleboard, Steel, PVC Synthetic Leather",modern,"A Cloud White rectangular dresser made with MDF (Medium Density Fiberboard), Particleboard, Steel, PVC Synthetic Leather matching this product title: SONGMICS BELLAH Collection - Dresser for Bedroom, Chest of Drawers, TV Stand for TVs Up to 55 Inches, Living Room, Closet, 6 Drawers and 1 Shelf, Modern, Cloud White ULGS833WH02S.  Key detail: Fusion That Delights: From the BELLAH Collection, this chest of drawers fuses steel, engineered wood, and synthetic leather for a perfect blend of strength, softness, and storage. ",ASIN: B0GRGRB7TF; Stock: In Stock; Reviews: 247; Rating: 4.2
living_room,coffee_table,"Mid Century Modern Coffee Table - Walnut Wooden Coffee Table for Living Room,Center Table Suitable for Bedroom Living Room Reception Office Tables (Walnut, Small 34.5 * 23.5 * 16in)",134.99,USD,Amazon / BOAENK,https://www.amazon.com/dp/B0FYD3KKW4?tag=20260409-20,https://www.amazon.com/dp/B0FYD3KKW4,https://m.media-amazon.com/images/I/71mthg5LYIL._AC_SL1500_.jpg,23.5,34.5,16,in,Walnut,Wood,modern,"A Walnut triangular coffee table made with Wood matching this product title: Mid Century Modern Coffee Table - Walnut Wooden Coffee Table for Living Room,Center Table Suitable for Bedroom Living Room Reception Office Tables (Walnut, Small 34.5 * 23.5 * 16in).  Key detail: 【Modern Aesthetics】：Small coffee table with a sleek mid-century modern design, perfect for any living room. the triangle shape adds a unique touch, while the walnut finish enhances",ASIN: B0FYD3KKW4; Stock: In Stock; Reviews: 30; Rating: 4.2
living_room,coffee_table,"DUOMAY Modern Round Coffee Table Beige Travertine Finish Center Table Faux Marble 31.5"" Wooden Tea Table for Living Room, Reception Room, Home Office, Luxury Minimalist",149.86,USD,Amazon / DUOMAY,https://www.amazon.com/dp/B0H2L58985?tag=20260409-20,https://www.amazon.com/dp/B0H2L58985,https://m.media-amazon.com/images/I/91kTEXlzW5L._AC_SL1500_.jpg,31.5,31.5,14,in,Beige Coffee Table,Engineered Wood,modern;minimalist;scandinavian;cozy,"A Beige Coffee Table round coffee table made with Engineered Wood matching this product title: DUOMAY Modern Round Coffee Table Beige Travertine Finish Center Table Faux Marble 31.5"" Wooden Tea Table for Living Room, Reception Room, Home Office, Luxury Minimalist.  Key detail: Faux Travertine Finish--Expertly crafted from durable MDF with a realistic travertine-inspired veneer, this coffee table captures the organic texture and warm beige tones of natura",ASIN: B0H2L58985; Stock: In Stock
living_room,coffee_table,"Aitjunz 47"" Lift Top Coffee Table with Storage, Modern Coffee Table with Pull-Out Drawer and Two-Tier Storage, Rectangle Wood Center Table w/Curved Profile Design for Living Room, Natural",199.99,USD,Amazon / Aitjunz,https://www.amazon.com/dp/B0GKG317H4?tag=20260409-20,https://www.amazon.com/dp/B0GKG317H4,https://m.media-amazon.com/images/I/81vqH1cG8yL._AC_SL1500_.jpg,47.1,23,18.07,in,Natural,Engineered Wood,modern;minimalist;scandinavian,"A Natural rectangular coffee table made with Engineered Wood with Natural finish matching this product title: Aitjunz 47"" Lift Top Coffee Table with Storage, Modern Coffee Table with Pull-Out Drawer and Two-Tier Storage, Rectangle Wood Center Table w/Curved Profile Design for Living Room, Natural.  Key detail: 【Lift Top Coffee Table Dimensions】Rectangle Coffee Table (47.1""W x 23""D x 18.07""H) delivers easy comfort. Its spacious, solid tabletop raises up to 23.6 inches—for best use, ensure",ASIN: B0GKG317H4; Stock: In Stock; Reviews: 9; Rating: 3.8
living_room,coffee_table,"2 PCS Small Round Coffee Table Set, Mid Century Modern Coffee Tables for Living Room, Walnut Nesting Tables for Small Spaces, Easy Assembly Circle Wood Center Table,Black Nesting Coffee Table Set of 2",72.97,USD,Amazon / Recximi,https://www.amazon.com/dp/B0D69D4JMY?tag=20260409-20,https://www.amazon.com/dp/B0D69D4JMY,https://m.media-amazon.com/images/I/81PGH1v3tcL._AC_SL1500_.jpg,15.75,15.75,18.9,in,Walnut,"Engineered Wood, Metal",modern;scandinavian,"A Walnut round coffee table made with Engineered Wood, Metal with Natural Walnut Texture Finish finish matching this product title: 2 PCS Small Round Coffee Table Set, Mid Century Modern Coffee Tables for Living Room, Walnut Nesting Tables for Small Spaces, Easy Assembly Circle Wood Center Table,Black Nesting Coffee Table Set of 2.  Key detail: 【MDF DENSITY BOARD】The desktop of nesting coffee table is made of high-quality MDF density board, which ensures long-term use without deformation, and is waterproof, scratch-proof ",ASIN: B0D69D4JMY; Stock: In Stock  Only 1 left in stock - order soon.; Reviews: 97; Rating: 4.3
living_room,coffee_table,"Modern Glass Coffee Table, Mid Century Triangle Coffee Table for Living Room Bedroom Reception Office Tables",149.99,USD,Amazon / ARVORA,https://www.amazon.com/dp/B0G4N5FBV7?tag=20260409-20,https://www.amazon.com/dp/B0G4N5FBV7,https://m.media-amazon.com/images/I/81bru96gW-L._AC_SL1500_.jpg,35,24.8,16.1,in,Dark Walnut/Transparent,Glass,modern;minimalist,"A Dark Walnut/Transparent triangular coffee table made with Glass matching this product title: Modern Glass Coffee Table, Mid Century Triangle Coffee Table for Living Room Bedroom Reception Office Tables.  Key detail: 【Modern and Stylish Coffee Table】Drawing inspiration from minimalist design, this triangular coffee table brings a clean, modern look to any space. This modern mid-century coffee t",ASIN: B0G4N5FBV7; Stock: In Stock; Reviews: 18; Rating: 4.7
living_room,coffee_table,"Oval Coffee Table with Faux Marble Tabletop – 47.2"" Long Modern White Large Living Room Center Table, Minimalist Style for Bedroom & Office, Smooth Edges",199.99,USD,Amazon / hnearstar,https://www.amazon.com/dp/B0H2W8XB49?tag=20260409-20,https://www.amazon.com/dp/B0H2W8XB49,https://m.media-amazon.com/images/I/81Nu47p+lgL._AC_SL1500_.jpg,23.67,47.24,15.73,in,White,Engineered Hardwood,modern;minimalist;cozy,"A White oval coffee table made with Engineered Hardwood with White finish matching this product title: Oval Coffee Table with Faux Marble Tabletop – 47.2"" Long Modern White Large Living Room Center Table, Minimalist Style for Bedroom & Office, Smooth Edges.  Key detail: Elegant Oval Shape with Faux Marble Top – Enhance your living space with this modern oval coffee table featuring a sleek white faux marble tabletop. The smooth, stain-resistant sur",ASIN: B0H2W8XB49; Stock: Only 20 left in stock - order soon.
living_room,coffee_table,"Mid Century Modern Coffee Table - Walnut Wooden Coffee Table for Living Room,Center Table Suitable for Bedroom Living Room Reception Office Tables (Walnut, Medium 39.5 * 27 * 16in)",152.99,USD,Amazon / BOAENK,https://www.amazon.com/dp/B0FYDJQKBM?tag=20260409-20,https://www.amazon.com/dp/B0FYDJQKBM,https://m.media-amazon.com/images/I/71mthg5LYIL._AC_SL1500_.jpg,27,39.5,16,in,Walnut,Wood,modern,"A Walnut triangular coffee table made with Wood matching this product title: Mid Century Modern Coffee Table - Walnut Wooden Coffee Table for Living Room,Center Table Suitable for Bedroom Living Room Reception Office Tables (Walnut, Medium 39.5 * 27 * 16in).  Key detail: 【Modern Aesthetics】：Small coffee table with a sleek mid-century modern design, perfect for any living room. the triangle shape adds a unique touch, while the walnut finish enhances",ASIN: B0FYDJQKBM; Stock: In Stock; Reviews: 30; Rating: 4.2
living_room,coffee_table,"Honyee Nesting Coffee Table Set of 2, Modern Walnut Wood Veneer Coffee Table and Side Table Set for Living Room, Small End Table Set with Flexible Use and Space-Saving Design",188.99,USD,Amazon / Honyee,https://www.amazon.com/dp/B0G6C8XG92?tag=20260409-20,https://www.amazon.com/dp/B0G6C8XG92,https://m.media-amazon.com/images/I/91YmkGqzXzL._AC_SL1500_.jpg,27.55,27.55,16.54,in,Walnut,Engineered Wood,modern;scandinavian;farmhouse;cozy,"A Walnut triangular coffee table made with Engineered Wood with Wood finish matching this product title: Honyee Nesting Coffee Table Set of 2, Modern Walnut Wood Veneer Coffee Table and Side Table Set for Living Room, Small End Table Set with Flexible Use and Space-Saving Design.  Key detail: Smart Nesting Design for Flexible Living:Designed as a nesting coffee table set of 2, the larger and smaller tables can be used together or separately. Easily pull them apart when ",ASIN: B0G6C8XG92; Stock: In Stock; Reviews: 10; Rating: 4.5
bedroom,bed_frame,"Merax King Size Boucle Platform Bed with Thick Headboard and Footboard, Block Style Upholstery Floor Bed Frame, White",499.99,USD,Amazon / Merax,https://www.amazon.com/dp/B0F2HF39LR?tag=20260409-20,https://www.amazon.com/dp/B0F2HF39LR,https://m.media-amazon.com/images/I/91-pI4QarML._AC_SL1500_.jpg,83.27,88.78,30,in,White,"Upholstered, Wood",modern;minimalist;cozy,"A White rectangular bed frame made with Upholstered, Wood with Painted finish matching this product title: Merax King Size Boucle Platform Bed with Thick Headboard and Footboard, Block Style Upholstery Floor Bed Frame, White.  Key detail: 🍓 Vintage Glamour and Visual Depth: With its grounded design and square plush upholstery,this Upholstered Platform Bed exudes vintage glamour and visual depth, adding a touch of e",ASIN: B0F2HF39LR; Stock: Available to ship in 1-2 days; Reviews: 35; Rating: 4.4
bedroom,bed_frame,"Evermagin Walnut Queen Floating Bed Frame with Headboard, Mid Century Modern Fluted Platform Bed with LED Lights, Heavy Duty Floating Bedframe with Charging Station, No Box Spring Needed",249.99,USD,Amazon / Evermagin,https://www.amazon.com/dp/B0G527HPS4?tag=20260409-20,https://www.amazon.com/dp/B0G527HPS4,https://m.media-amazon.com/images/I/91x8cetCvgL._AC_SL1500_.jpg,61.42,81.3,39.25,in,Walnut,Engineered Wood,modern;minimalist;cozy,"A Walnut rectangular bed frame made with Engineered Wood with Painted finish matching this product title: Evermagin Walnut Queen Floating Bed Frame with Headboard, Mid Century Modern Fluted Platform Bed with LED Lights, Heavy Duty Floating Bedframe with Charging Station, No Box Spring Needed.  Key detail: 【Powered Headboard Design】The floating queen bed frame with charging station includes AC, USB & Type-C ports for effortless charging, plus a top shelf to keep nighttime essentials ",ASIN: B0G527HPS4; Stock: In Stock; Reviews: 41; Rating: 4.1
living_room,sofa,"Morden Fort Boucle Sofa, 3 Seater, Beige",869,USD,Amazon / Morden Fort,https://www.amazon.com/dp/B0FSSB557G?tag=20260409-20,https://www.amazon.com/dp/B0FSSB557G,https://m.media-amazon.com/images/I/81TWHQVXNFL._AC_SL1500_.jpg,85.83,34.06,31.89,in,Beige,Boucle,modern;minimalist;cozy,"A Beige rectangular sofa made with Boucle with Boucle finish matching this product title: Morden Fort Boucle Sofa, 3 Seater, Beige.  Key detail: STYLISH MODERN DESIGN: The Morden Fort boucle 3 seater sofa boasts a modern minimalist French fashion style. The product incorporates the beauty of curves into every detail, with i",ASIN: B0FSSB557G; Stock: In Stock; Reviews: 20; Rating: 4.7
living_room,sofa,"GRUSIGN 3 Seater Couch, 83"" Comfy Corduroy Sofa with Deep Seat, Modern Sofa Couch for Living Room, Office, Bedroom, Apartment (Pillows not Included)",239.99,USD,Amazon / GRUSIGN,https://www.amazon.com/dp/B0GTNTWN6X?tag=20260409-20,https://www.amazon.com/dp/B0GTNTWN6X,https://m.media-amazon.com/images/I/812CtFY49OL._AC_SL1500_.jpg,83.86,30.7,34.25,in,Beige,Polyester,modern;minimalist;cozy,"A Beige rectangular sofa made with Polyester matching this product title: GRUSIGN 3 Seater Couch, 83"" Comfy Corduroy Sofa with Deep Seat, Modern Sofa Couch for Living Room, Office, Bedroom, Apartment (Pillows not Included).  Key detail: [Cozy Haven for Compact Spaces] This 3 seater couch has an excellent load-bearing capacity, supporting up to 750 lbs, designed for both durable and practical. This spacious deep se",ASIN: B0GTNTWN6X; Stock: In Stock; Reviews: 73; Rating: 3.7
bedroom,bed_frame,"Mellow Naturalista Classic - 12 Inch Solid Wood Platform Bed with Wooden Slats, No Box Spring Needed, Easy Assembly, Queen, Pine",139.99,USD,Amazon / Mellow,https://www.amazon.com/dp/B07DZT2SZ3?tag=20260409-20,https://www.amazon.com/dp/B07DZT2SZ3,https://m.media-amazon.com/images/I/7159ToXsBTL._AC_SL1500_.jpg,59.5,79.5,12,in,Natural Pine,Wood,modern;scandinavian,"A Natural Pine rectangular bed frame made with Wood with Pine finish matching this product title: Mellow Naturalista Classic - 12 Inch Solid Wood Platform Bed with Wooden Slats, No Box Spring Needed, Easy Assembly, Queen, Pine.  Key detail: Queen Wood Platform Bed Frame with Wooden Slat Mattress Foundation",ASIN: B07DZT2SZ3; Stock: In Stock; Reviews: 22167; Rating: 4.6
living_room,sofa,U-Shaped Sectional Couches for Living Room | 112 Inch Modern Sectional Couch | Warm White Chenille Sofa with Double Chaise for Apartment,299.99,USD,Amazon / TROMIRY,https://www.amazon.com/dp/B0G6D2HVVV?tag=20260409-20,https://www.amazon.com/dp/B0G6D2HVVV,https://m.media-amazon.com/images/I/912wfv1I5uL._AC_SL1500_.jpg,111.8,46.4,34.6,in,Warm White,Chenille,modern;cozy,"A Warm White u shaped sofa made with Chenille matching this product title: U-Shaped Sectional Couches for Living Room | 112 Inch Modern Sectional Couch | Warm White Chenille Sofa with Double Chaise for Apartment.  Key detail: 【112 INCH SPACIOUS U-SHAPE】 The 112"" L x 35 W x 47"" D u shaped couch is easy fits perfectly in most living rooms, generous seating for the family, this sectional couch offers plent",ASIN: B0G6D2HVVV; Stock: In Stock; Reviews: 394; Rating: 4.2
bedroom,bed_frame,"Lifezone Queen Bed Frame with 2-Tier Storage Headboard, Metal Platform Bed Frame with 4 Storage Drawers, Built in Charging Station & LED, Noise-Free/Metal Support/No Box Spring Needed, Vintage Brown",199.99,USD,Amazon / Lifezone,https://www.amazon.com/dp/B0CKQSJ333?tag=20260409-20,https://www.amazon.com/dp/B0CKQSJ333,https://m.media-amazon.com/images/I/71ciRkzjncL._AC_SL1500_.jpg,61.4,86.4,40,in,Vintage Brown,Metal,modern,"A Vintage Brown rectangular bed frame made with Metal with Unfinished finish matching this product title: Lifezone Queen Bed Frame with 2-Tier Storage Headboard, Metal Platform Bed Frame with 4 Storage Drawers, Built in Charging Station & LED, Noise-Free/Metal Support/No Box Spring Needed, Vintage Brown.  Key detail: 【Storage Headboard with Fast-Charging】The headboard is equipped with a built-in fast-charging socket, including 2 AC Outlets, a USB port and a type-C port, allowing you to charge v",ASIN: B0CKQSJ333; Stock: In Stock; Reviews: 4527; Rating: 4.2
living_room,sofa,"Antetek 78"" Modern Sofa Couch, Comfy Deep Seat Teddy Cloud Sofa, Upholstered 3-Seater Boucle Couch, Oversized Loveseat for Living Room, Bedroom, Office, Apartment, Beige",239.99,USD,Amazon / Antetek,https://www.amazon.com/dp/B0CWV71D5D?tag=20260409-20,https://www.amazon.com/dp/B0CWV71D5D,https://m.media-amazon.com/images/I/81xAaDTYh6L._AC_SL1500_.jpg,78,31,33.5,in,Beige,teddy,modern;cozy,"A Beige rectangular sofa made with teddy with textured finish matching this product title: Antetek 78"" Modern Sofa Couch, Comfy Deep Seat Teddy Cloud Sofa, Upholstered 3-Seater Boucle Couch, Oversized Loveseat for Living Room, Bedroom, Office, Apartment, Beige.  Key detail: Fashionable Design: Our upholstered sofas adopt simple striped lines, which not only retain the elegance and luxury of classical European style but also are more suitable for the l",ASIN: B0CWV71D5D; Stock: In Stock; Reviews: 146; Rating: 4.2
bedroom,bed_frame,"RECCI AirFrame Queen Bed Frame with Headboard, Cloud Upholstered Platform Bed Frame, 5 Inch Foam Cushioned, No Box Spring, Easy Assembly(Beige Chenille)",299.99,USD,Amazon / RECCI,https://www.amazon.com/dp/B0FR8HB9Z3?tag=20260409-20,https://www.amazon.com/dp/B0FR8HB9Z3,https://m.media-amazon.com/images/I/81L7E50iQ5L._AC_SL1500_.jpg,70,90.1,37.8,in,Beige Chenille,"Foam, Metal, Polyester",modern;minimalist;cozy,"A Beige Chenille rectangular bed frame made with Foam, Metal, Polyester with Fabric finish matching this product title: RECCI AirFrame Queen Bed Frame with Headboard, Cloud Upholstered Platform Bed Frame, 5 Inch Foam Cushioned, No Box Spring, Easy Assembly(Beige Chenille).  Key detail: Soft Cloud Bed Frame: Wrapped in cream chenille with Recci's compression upholstery, this modern cloud bed frame delivers a soft, cloud-like feel and minimalist style—no box spring",ASIN: B0FR8HB9Z3; Stock: In Stock; Reviews: 213; Rating: 4.4
bedroom,bed_frame,"Merax Queen Size Bamboo Platform Bed, Mid-Century Modern Bed Frame with Tall Headboard, Solid Sustainable Bedframe Queen-size, Wood Slat Support, No Box Spring Needed, Easy Assembly, Noise Free, Brown",329.99,USD,Amazon / Merax,https://www.amazon.com/dp/B0DFC9QX92?tag=20260409-20,https://www.amazon.com/dp/B0DFC9QX92,https://m.media-amazon.com/images/I/91-B4jGsouL._AC_SL1500_.jpg,64,84,42.5,in,Warm Brown,Bamboo,modern;scandinavian;farmhouse;cozy,"A Warm Brown rectangular bed frame made with Bamboo with Painted Brown finish matching this product title: Merax Queen Size Bamboo Platform Bed, Mid-Century Modern Bed Frame with Tall Headboard, Solid Sustainable Bedframe Queen-size, Wood Slat Support, No Box Spring Needed, Easy Assembly, Noise Free, Brown.  Key detail: New Upgrade: The wooden support rods & legs in the middle of the bed have been replaced with metal ones for added stability",ASIN: B0DFC9QX92; Stock: In Stock; Reviews: 564; Rating: 4.7
bedroom,bed_frame,"IDEALHOUSE King Size Bed Frame with Storage Drawers, Corduroy Upholstered Platform Bedframe with Wingback, Headboard and Footboard, No Box Spring Needed, Beige",299.99,USD,Amazon / IDEALHOUSE,https://www.amazon.com/dp/B0G5NJJM3X?tag=20260409-20,https://www.amazon.com/dp/B0G5NJJM3X,https://m.media-amazon.com/images/I/81nOGFOYPnL._AC_SL1500_.jpg,77.6,84.65,41.7,in,Beige,Engineered Wood,modern;cozy,"A Beige rectangular bed frame made with Engineered Wood with Corduroy finish matching this product title: IDEALHOUSE King Size Bed Frame with Storage Drawers, Corduroy Upholstered Platform Bedframe with Wingback, Headboard and Footboard, No Box Spring Needed, Beige.  Key detail: FIXED HEADBOARD HEIGHT (41.7 IN): The tufted wingback headboard is 41.7"" tall from floor to top (non-adjustable). Please refer to the dimension diagram—photos may appear taller due",ASIN: B0G5NJJM3X; Stock: In Stock  Only 1 left in stock - order soon.; Reviews: 19; Rating: 3.7
living_room,sofa,"DOPEDIO Modern Loveseat Sofa for Living Room,Chenille Recliner, Removable Cover, Pocket Spring Cushions, Solid Wood Frame, Easy Assembly for Small Spaces (71.25inch，Beige)",389.99,USD,Amazon / DOPEDIO,https://www.amazon.com/dp/B0CTBJB53S?tag=20260409-20,https://www.amazon.com/dp/B0CTBJB53S,https://m.media-amazon.com/images/I/81LFkkxkNTL._AC_SL1500_.jpg,71.25,33.07,36.6,in,Beige,Chenille,modern;minimalist;cozy,"A Beige rectangular sofa made with Chenille with Textured finish matching this product title: DOPEDIO Modern Loveseat Sofa for Living Room,Chenille Recliner, Removable Cover, Pocket Spring Cushions, Solid Wood Frame, Easy Assembly for Small Spaces (71.25inch，Beige).  Key detail: 【Attractive Sofa Design】 The overall dimensions of this modern minimalist fabric sofa are 32.3""(D) x 71.25""(W) x 36.6""(H). Perfect for smaller spaces such as living rooms, offices ",ASIN: B0CTBJB53S; Stock: In Stock; Reviews: 1061; Rating: 4.3
living_room,sofa,"107"" Curved Sofa for Living Room, Modern Chenille Cloud Couch Sofa, Luxury Plush Extra Deep 4-Seater Oversized Boucle Couch for Small Spaces, Apartment‌, No Assembly Required, Cream White",499.99,USD,Amazon / ONEMMLION,https://www.amazon.com/dp/B0FH5C1TWJ?tag=20260409-20,https://www.amazon.com/dp/B0FH5C1TWJ,https://m.media-amazon.com/images/I/91Tnyk2WL-L._AC_SL1500_.jpg,106.5,41,27.5,in,Ceam White,Chenille,modern,"A Ceam White rectangular sofa made with Chenille matching this product title: 107"" Curved Sofa for Living Room, Modern Chenille Cloud Couch Sofa, Luxury Plush Extra Deep 4-Seater Oversized Boucle Couch for Small Spaces, Apartment‌, No Assembly Required, Cream White.  Key detail: Advanced Modern Boneless Couch: Cream cloud couch sectional engineered with high-resilience pocket springs and 40D high-density memory foam for good support and plush comfort. An i",ASIN: B0FH5C1TWJ; Stock: In Stock; Reviews: 41; Rating: 4.8
living_room,sofa,"108” Modular Sectional Sofa, Cloud Sectional Couch with Deep Seat, Modern Modular L-Shape Sofa Couch with Chaise,Upholstered Boneless Couches for Living Room Bedroom (Beige, Left Facing Chaise)",339.98,USD,Amazon / Weture,https://www.amazon.com/dp/B0DLB5H972?tag=20260409-20,https://www.amazon.com/dp/B0DLB5H972,https://m.media-amazon.com/images/I/81w-ejgnLiL._AC_SL1500_.jpg,108,68.5,23.2,in,Beige,Sponge,modern;minimalist;cozy,"A Beige l-shape sofa made with Sponge with textured finish matching this product title: 108” Modular Sectional Sofa, Cloud Sectional Couch with Deep Seat, Modern Modular L-Shape Sofa Couch with Chaise,Upholstered Boneless Couches for Living Room Bedroom (Beige, Left Facing Chaise).  Key detail: Multiple Package: Multiple packages may arrive separately. If you have any questions about your cloud couch sectional or need assistance, please reach out to us as soon as possible",ASIN: B0DLB5H972; Stock: In Stock; Reviews: 1249; Rating: 4.3
living_room,sofa,"Upvilla 71.25"" Modern Couches for Living Room, Deep Seat Sofa with 8” Cushion, Comfy 2-Seater Chenille Loveseat with Convertible Armrest, Removable Sofa Cover, High Leg(Light Gray)",379.99,USD,Amazon / Upvilla,https://www.amazon.com/dp/B0DCVZ2D66?tag=20260409-20,https://www.amazon.com/dp/B0DCVZ2D66,https://m.media-amazon.com/images/I/819jYfio6qL._AC_SL1500_.jpg,71.25,34.6,36.3,in,Light Gray,"Chenille, Wood",modern,"A Light Gray rectangular sofa made with Chenille, Wood matching this product title: Upvilla 71.25"" Modern Couches for Living Room, Deep Seat Sofa with 8” Cushion, Comfy 2-Seater Chenille Loveseat with Convertible Armrest, Removable Sofa Cover, High Leg(Light Gray).  Key detail: 【ADJUSTABLE ARMRESTS】Customize your comfort with three adjustable positions, offering tailored arm support or a relaxed backrest in any lounging position.",ASIN: B0DCVZ2D66; Stock: Only 10 left in stock - order soon.; Reviews: 242; Rating: 4.4
bedroom,bed_frame,"Einhomn Full Size Bed Frame with LED Lights & Charging Station – Kids Wood Floating Bed Frame with Storage Headboard, Adhesive Slats, Kick-Free & Noise-Free Design, Easy Assembly, Black",205.99,USD,Amazon / Einhomn,https://www.amazon.com/dp/B0FLXC4JVX?tag=20260409-20,https://www.amazon.com/dp/B0FLXC4JVX,https://m.media-amazon.com/images/I/81dpvX5qGqL._AC_SL1500_.jpg,54.5,79.6,38.6,in,Black,Metal,modern;farmhouse,"A Black rectangular bed frame made with Metal with Black finish matching this product title: Einhomn Full Size Bed Frame with LED Lights & Charging Station – Kids Wood Floating Bed Frame with Storage Headboard, Adhesive Slats, Kick-Free & Noise-Free Design, Easy Assembly, Black.  Key detail: Modern Floating Bed Frame: Combines sleek style with toe-safe hidden legs. The innovative design prevents stubbed toes while creating a stunning levitating illusion for a contempor",ASIN: B0FLXC4JVX; Stock: Only 19 left in stock - order soon.; Reviews: 194; Rating: 4.4
living_room,sofa,"WJShome 90"" Modern Curved Cloud Shaped Couch for Living Room,Lazy Floor Couch, Boucle LoveSeat 3 Seater Sofa, Cozy Leisure Boneless Couches for Bedroom, Apartment-No Assembly Required (Black)",249.99,USD,Amazon / WJShome,https://www.amazon.com/dp/B0F99SZFJF?tag=20260409-20,https://www.amazon.com/dp/B0F99SZFJF,https://m.media-amazon.com/images/I/81LO8dWN2PL._AC_SL1500_.jpg,120,25.59,23.33,in,Black,Polyester,modern;cozy,"A Black rectangular sofa made with Polyester matching this product title: WJShome 90"" Modern Curved Cloud Shaped Couch for Living Room,Lazy Floor Couch, Boucle LoveSeat 3 Seater Sofa, Cozy Leisure Boneless Couches for Bedroom, Apartment-No Assembly Required (Black).  Key detail: 【Modern Curved Design】The Bubble Curve Sofa reimagines elegance with a whimsical, cloud-shaped form. This statement piece blends playful curves with refined craftsmanship—perfect f",ASIN: B0F99SZFJF; Stock: In stock; Reviews: 19; Rating: 3.8
living_room,sofa,"Christopher Knight Home Sabbo 87.50"" Boucle Upholstered Couch, Oversized 2 Seater Sofa, Curved Soft Seating Lounge Sofa Chair, Cozy Loveseat with Armrest, Reading Sofa for Living Room Home Rest, Beige",584,USD,Amazon / Christopher Knight Home,https://www.amazon.com/dp/B0DZ6DYNWF?tag=20260409-20,https://www.amazon.com/dp/B0DZ6DYNWF,https://m.media-amazon.com/images/I/91-wtKzfSML._AC_SL1500_.jpg,87.5,31.25,26.75,in,Boulce White,Boucle+Wood,modern;minimalist;cozy,"A Boulce White rectangular with curved elements sofa made with Boucle+Wood with Textured finish matching this product title: Christopher Knight Home Sabbo 87.50"" Boucle Upholstered Couch, Oversized 2 Seater Sofa, Curved Soft Seating Lounge Sofa Chair, Cozy Loveseat with Armrest, Reading Sofa for Living Room Home Rest, Beige.  Key detail: 【Upholstered Curved Sofa】Elevate your space with our stunning Sculptural Curved Sofa, boasting a unique silhouette that adds an artistic flair to any room. The elegantly rounded ba",ASIN: B0DZ6DYNWF; Stock: In Stock  Only 1 left in stock - order soon.; Reviews: 31; Rating: 3.9
bedroom,bed_frame,"Full Upholstered LED Bed Frame with 2 Storage Drawers and Adjustable Chic Double Wavy Headboard, Velvet Princess Platform Bed with Charing Station, Solid Wood Slats Support,No Box Spring Needed,Beige",189.99,USD,Amazon / Jocoevol,https://www.amazon.com/dp/B0DKDCQNTX?tag=20260409-20,https://www.amazon.com/dp/B0DKDCQNTX,https://m.media-amazon.com/images/I/81XmSzM8HIL._AC_SL1500_.jpg,56.3,77.8,47.2,in,Beige,Velvet,modern;cozy,"A Beige rectangular bed frame made with Velvet with Beige Velvet finish matching this product title: Full Upholstered LED Bed Frame with 2 Storage Drawers and Adjustable Chic Double Wavy Headboard, Velvet Princess Platform Bed with Charing Station, Solid Wood Slats Support,No Box Spring Needed,Beige.  Key detail: FULL BED FRAME WITH STORAGE DRAWER: This beige full bed frame maximizes space with two large, silent-glide drawer at the footboard for easy storage. The EVA-free barrier design kee",ASIN: B0DKDCQNTX; Stock: In Stock; Reviews: 966; Rating: 4.5
bedroom,nightstand,"Round Fluted End Table, 17.7'' Mid Century Modern Side Table, Circle Bedside Tables Drink Table Wood Nightstand for Small Spaces, Living Room (Walnut-1PCS)",79.99,USD,Amazon / MAHYIZYI,https://www.amazon.com/dp/B0GJS1BYHP?tag=20260409-20,https://www.amazon.com/dp/B0GJS1BYHP,https://m.media-amazon.com/images/I/81yx6Y0eX0L._AC_SL1500_.jpg,17.7,17.7,21.65,in,Walnut-1pcs,Engineered Wood,modern;minimalist;farmhouse,"A Walnut-1pcs round nightstand made with Engineered Wood with Wood finish matching this product title: Round Fluted End Table, 17.7'' Mid Century Modern Side Table, Circle Bedside Tables Drink Table Wood Nightstand for Small Spaces, Living Room (Walnut-1PCS).  Key detail: 【Modern Farmhouse End Table】The rounded contours combined with the grooved, plum-blossom-shaped legs perfectly blend classic mid-century charm with modern style, easily integrating",ASIN: B0GJS1BYHP; Stock: In Stock; Reviews: 46; Rating: 4.3
bedroom,nightstand,"ADORNEVE Nightstand with Charging Station and LED Lights,Night Stand with Sliding Top,Bedside Table with Drawers,Modern End Side Table for Bedroom,Black",85.99,USD,Amazon / ADORNEVE,https://www.amazon.com/dp/B0B387XLQR?tag=20260409-20,https://www.amazon.com/dp/B0B387XLQR,https://m.media-amazon.com/images/I/81S0-osCq6L._AC_SL1500_.jpg,17.7,15.8,26.8,in,Black,Engineered Wood,modern,"A Black rectangular nightstand made with Engineered Wood with Black finish matching this product title: ADORNEVE Nightstand with Charging Station and LED Lights,Night Stand with Sliding Top,Bedside Table with Drawers,Modern End Side Table for Bedroom,Black.  Key detail: Nightstand with LED Lights: LED Light is with multi-variable RGB colors, you can choose the light and mode according to needs and scenes. Controlled by manual key or phone app,very",ASIN: B0B387XLQR; Stock: In Stock; Reviews: 2058; Rating: 4.4
bedroom,nightstand,"VASAGLE LILEA Collection - Small Round Side End Table, Modern Nightstand with Fabric Basket, Forest Green and Cream White ULET223C80",39.99,USD,Amazon / VASAGLE,https://www.amazon.com/dp/B0CR6KRRQB?tag=20260409-20,https://www.amazon.com/dp/B0CR6KRRQB,https://m.media-amazon.com/images/I/71iXEBctgaL._AC_SL1500_.jpg,17.7,17.7,19.7,in,Forest Green + Cream White,"Particleboard, Steel, Polyester Fabric",modern;cozy,"A Forest Green + Cream White round nightstand made with Particleboard, Steel, Polyester Fabric with Forest Green finish matching this product title: VASAGLE LILEA Collection - Small Round Side End Table, Modern Nightstand with Fabric Basket, Forest Green and Cream White ULET223C80.  Key detail: Savvy Yet Styled: This side table from the LILEA Collection pairs fabric storage with flowing curves, blending everyday function and refined simplicity for modern living. Patented ",ASIN: B0CR6KRRQB; Stock: In Stock  Only 1 left in stock - order soon.; Reviews: 3942; Rating: 4.4
bedroom,nightstand,"VASAGLE 21.7-Inch Round Side Table, 2-Tier End Table, Nightstand with Steel Frame, Spacious Top, for Small Spaces, Living Room, Bedroom, Heather Greige and Ink Black ULET56BG | 2 Storage Shelves",49.99,USD,Amazon / VASAGLE,https://www.amazon.com/dp/B07XXLG1JG?tag=20260409-20,https://www.amazon.com/dp/B07XXLG1JG,https://m.media-amazon.com/images/I/71FXM5zum0L._AC_SL1500_.jpg,21.7,21.7,21.7,in,Heather Greige + Ink Black,"Alloy Steel, Engineered Wood",modern,"A Heather Greige + Ink Black round nightstand made with Alloy Steel, Engineered Wood with Heather Greige finish matching this product title: VASAGLE 21.7-Inch Round Side Table, 2-Tier End Table, Nightstand with Steel Frame, Spacious Top, for Small Spaces, Living Room, Bedroom, Heather Greige and Ink Black ULET56BG | 2 Storage Shelves.  Key detail: Robust and Reliable: The 21.7"" diameter side table features stable steel legs reinforced by round tubes, supporting up to 66 pounds on the top shelf for lasting use",ASIN: B07XXLG1JG; Stock: Only 11 left in stock - order soon.  Only 1 left in stock - order soon.; Reviews: 4060; Rating: 4.7
living_room,coffee_table,"VASAGLE Round Side Table, Glass End Table with Metal Frame, Gold Coffee Table with Modern Style, for Living Room, Balcony, Bedroom, Gold Color",37.92,USD,Amazon / VASAGLE,https://www.amazon.com/dp/B07QW7XQJN?tag=20260409-20,https://www.amazon.com/dp/B07QW7XQJN,https://m.media-amazon.com/images/I/61m0ujIvpGL._AC_SL1500_.jpg,19.7,19.7,21.6,in,Gold,Tempered Glass,modern;minimalist,"A Gold round coffee table made with Tempered Glass with Gold finish matching this product title: VASAGLE Round Side Table, Glass End Table with Metal Frame, Gold Coffee Table with Modern Style, for Living Room, Balcony, Bedroom, Gold Color.  Key detail: [Robust All-Around] 2 rings as well as 4 legs made of sturdy steel form the stable foundation of this noble, small coffee table—a hard-wearing yet graceful accent for your home!",ASIN: B07QW7XQJN; Stock: In Stock; Reviews: 3256; Rating: 4.7
living_room,side_table,"Christopher Knight Home Manuel Weight Concrete Accent Table, Light Gray",71.38,USD,Amazon / Christopher Knight Home,https://www.amazon.com/dp/B07F65P25T?tag=20260409-20,https://www.amazon.com/dp/B07F65P25T,https://m.media-amazon.com/images/I/81qXYleVjML._AC_SL1500_.jpg,12.5,12.5,17.75,in,"Manue,light Gray",Stone,modern;minimalist;scandinavian,"A Manue,light Gray rectangular side table made with Stone with Painted Wood finish matching this product title: Christopher Knight Home Manuel Weight Concrete Accent Table, Light Gray.  Key detail: A TOUCH OF PERSONALITY: Bring both your outdoor and indoor space to life with our end table that features an abstract hourglass structure and a wood-like finish. With charming aest",ASIN: B07F65P25T; Stock: In Stock; Reviews: 1203; Rating: 4.4
bedroom,nightstand,"Tribesigns 24"" Modern Side Table, 2-Tier Narrow Wooden End Table with Trapezoid Base, Farmhouse Small Nightstand for Living Room, Bedroom, Natural Wood Color",99.99,USD,Amazon / Tribesigns,https://www.amazon.com/dp/B0FDWGXTP4?tag=20260409-20,https://www.amazon.com/dp/B0FDWGXTP4,https://m.media-amazon.com/images/I/91Yt-khX40L._AC_SL1500_.jpg,23.62,15.75,23.62,in,Natural Wood Color,Engineered Wood,modern;minimalist;scandinavian;farmhouse;cozy,"A Natural Wood Color rectangular nightstand made with Engineered Wood with Medium Density Fiberboard (MDF) finish matching this product title: Tribesigns 24"" Modern Side Table, 2-Tier Narrow Wooden End Table with Trapezoid Base, Farmhouse Small Nightstand for Living Room, Bedroom, Natural Wood Color.  Key detail: Contemporary Aesthetics: This living room side table blends modern style with timeless elegance. Its minimalist silhouette transforms ordinary corners into intimate showcases of ev",ASIN: B0FDWGXTP4; Stock: In Stock; Reviews: 29; Rating: 4.5
bedroom,nightstand,"VASAGLE LILEA Collection - Small Round Side End Table, Modern Nightstand with Fabric Basket, Matte White and Camel Brown ULET223W10",39.99,USD,Amazon / VASAGLE,https://www.amazon.com/dp/B0BBTN7F4Q?tag=20260409-20,https://www.amazon.com/dp/B0BBTN7F4Q,https://m.media-amazon.com/images/I/71YDYV-7ReL._AC_SL1500_.jpg,17.7,17.7,19.7,in,Matte White + Camel Brown,"Particleboard, Steel, Polyester Fabric",modern;cozy,"A Matte White + Camel Brown round nightstand made with Particleboard, Steel, Polyester Fabric with Painted finish matching this product title: VASAGLE LILEA Collection - Small Round Side End Table, Modern Nightstand with Fabric Basket, Matte White and Camel Brown ULET223W10.  Key detail: Savvy yet Styled: This side table from the LILEA Collection pairs fabric storage with flowing curves, blending everyday function and refined simplicity for modern living. Patented ",ASIN: B0BBTN7F4Q; Stock: In Stock  Only 1 left in stock - order soon.; Reviews: 3942; Rating: 4.4
living_room,side_table,"MaxSmeo Side Table, 3-Tier Small End Table, Modern Oval Night Stand Accent Table for Living Room, Bedroom, Rustic Brown",39.99,USD,Amazon / MaxSmeo,https://www.amazon.com/dp/B0F6WCS6XQ?tag=20260409-20,https://www.amazon.com/dp/B0F6WCS6XQ,https://m.media-amazon.com/images/I/71Y4B-TqjnL._AC_SL1500_.jpg,15.7,11.8,22.4,in,Rustic Brown,Wood,modern;minimalist;farmhouse;cozy,"A Rustic Brown round side table made with Wood with Stained finish matching this product title: MaxSmeo Side Table, 3-Tier Small End Table, Modern Oval Night Stand Accent Table for Living Room, Bedroom, Rustic Brown.  Key detail: Oval-Side Table Size:11.8''D x 15.7''W x 22.4''H",ASIN: B0F6WCS6XQ; Stock: In Stock; Reviews: 364; Rating: 4.5
living_room,side_table,"Elegant Modern Side Table - Featuring a Unique Hourglass Design, Ideal for use in Living Rooms, cafes, Dining Rooms, bedrooms, and Outdoors - a Fashionable Decoration (1, Off White)",56.88,USD,Amazon / KunAndPeng,https://www.amazon.com/dp/B0F26KK5YK?tag=20260409-20,https://www.amazon.com/dp/B0F26KK5YK,https://m.media-amazon.com/images/I/71FPYtgryrL._AC_SL1500_.jpg,15.75,15.75,20.28,in,Off White,Metal,modern,"A Off White oval side table made with Metal with Painted, Off White finish matching this product title: Elegant Modern Side Table - Featuring a Unique Hourglass Design, Ideal for use in Living Rooms, cafes, Dining Rooms, bedrooms, and Outdoors - a Fashionable Decoration (1, Off White).  Key detail: 1. **Elegant Design**: This side table, featuring a delicate waist design, adds a touch of modern luxury to any space. Its unique aesthetics make it an ideal choice for both contem",ASIN: B0F26KK5YK; Stock: In Stock; Reviews: 98; Rating: 4.5
bedroom,nightstand,"Akxomel Fluted Nightstand, Wooden Night Stand with Charging Station and LED Light, Modern Mid Century End Table with Drawer, 15"" D x 15.7"" W x 22.6"" H, for Bedroom, Natural Oak",79.99,USD,Amazon / Akxomel,https://www.amazon.com/dp/B0DY7N2LRB?tag=20260409-20,https://www.amazon.com/dp/B0DY7N2LRB,https://m.media-amazon.com/images/I/81hcfLTKYVL._AC_SL1500_.jpg,15.7,15,22.6,in,Natural Oak,Engineered Wood,modern;scandinavian;cozy,"A Natural Oak rectangular nightstand made with Engineered Wood with Natural finish matching this product title: Akxomel Fluted Nightstand, Wooden Night Stand with Charging Station and LED Light, Modern Mid Century End Table with Drawer, 15"" D x 15.7"" W x 22.6"" H, for Bedroom, Natural Oak.  Key detail: Stylish Wave-Patterned Design: Our Nightstand features an elegant wave-patterned panel that adds a touch of sophistication to your bedroom, living room, entrance, or foyer. The dim",ASIN: B0DY7N2LRB; Stock: Only 13 left in stock - order soon.; Reviews: 209; Rating: 4.4
bedroom,nightstand,"LIKIMIO Night Stand with Charging Station, Modern Black Nightstand with LED Light and Drawers, Bedside Tables/End Table for Bedroom",89.99,USD,Amazon / LIKIMIO,https://www.amazon.com/dp/B0C7TZMCP6?tag=20260409-20,https://www.amazon.com/dp/B0C7TZMCP6,https://m.media-amazon.com/images/I/91H2lcCcfdL._AC_SL1500_.jpg,18.9,13.78,23.62,in,Black,Engineered Wood,modern;cozy,"A Black square nightstand made with Engineered Wood with Walnut finish matching this product title: LIKIMIO Night Stand with Charging Station, Modern Black Nightstand with LED Light and Drawers, Bedside Tables/End Table for Bedroom.  Key detail: Convenient Charging: Power strip on top of the nightstand with a built-in charging station for all your electronic devices. Allows you to keep your phone, tablet, and other gadgets",ASIN: B0C7TZMCP6; Stock: In Stock; Reviews: 667; Rating: 4.5
bedroom,nightstand,"YAUKOMEL Black Nightstand,Mid Century Modern Bedside Table, Fluted Nightstand with 2 Drawers,Side Table with Wood Legs, End Table for Bedroom,Apartment,Dormitory,Small Space Black CTG55BK",59.96,USD,Amazon / YAUKOMEL,https://www.amazon.com/dp/B0DK8VTGJS?tag=20260409-20,https://www.amazon.com/dp/B0DK8VTGJS,https://m.media-amazon.com/images/I/716oxzAm1BL._AC_SL1500_.jpg,15.7,11.8,22.8,in,Black,Engineered Wood,modern,"A Black rectangular nightstand made with Engineered Wood with Black Paint/Stain finish matching this product title: YAUKOMEL Black Nightstand,Mid Century Modern Bedside Table, Fluted Nightstand with 2 Drawers,Side Table with Wood Legs, End Table for Bedroom,Apartment,Dormitory,Small Space Black CTG55BK.  Key detail: Fluted Modern Design: This nightstand have distinctive waveform fluted panel ,which adding a modern and visually appealing touch to your bedroom decor.The wide metal handles and wo",ASIN: B0DK8VTGJS; Stock: In Stock; Reviews: 156; Rating: 4.1
bedroom,nightstand,"White Nightstand with Charging Station and LED Light, Night Stand with 3 Storage Drawers, Modern Bedside Table for Bedroom, End Side Table for Living Room (White, 1 Piece)",119.99,USD,Amazon / Gyfimoie,https://www.amazon.com/dp/B0FHQPN44X?tag=20260409-20,https://www.amazon.com/dp/B0FHQPN44X,https://m.media-amazon.com/images/I/71pp48ZD0aL._AC_SL1500_.jpg,23.62,15.75,26.69,in,White,Engineered Wood,modern,"A White rectangular nightstand made with Engineered Wood with Painted/Lacquered White finish matching this product title: White Nightstand with Charging Station and LED Light, Night Stand with 3 Storage Drawers, Modern Bedside Table for Bedroom, End Side Table for Living Room (White, 1 Piece).  Key detail: Generous Storage Capacity: This nightstand is designed to provide abundant storage with three spacious drawers and a roomy tabletop. The drawers offer an ideal solution for organiz",ASIN: B0FHQPN44X; Stock: Only 3 left in stock - order soon.; Reviews: 28; Rating: 4.2
bedroom,nightstand,"i-aplus Night Stand Set 2,LED Nightstands Set of 2,Bedside Table with Wood Drawers,Modern End Side Table for Bedroom,White",132.99,USD,Amazon / i-aplus,https://www.amazon.com/dp/B0976QDCD7?tag=20260409-20,https://www.amazon.com/dp/B0976QDCD7,https://m.media-amazon.com/images/I/81TelIAsJxL._AC_SL1500_.jpg,19.3,13.7,20.5,in,White,Engineered Wood,modern,"A White rectangular nightstand made with Engineered Wood with Wood finish matching this product title: i-aplus Night Stand Set 2,LED Nightstands Set of 2,Bedside Table with Wood Drawers,Modern End Side Table for Bedroom,White.  Key detail: Perfect Size & Proportion: Standing 14 inches high, this nightstand aligns comfortably with most mattress tops for easy reach. Its 19.3-inch width complements king, queen, or full ",ASIN: B0976QDCD7; Stock: In Stock; Reviews: 3970; Rating: 4.4
bedroom,nightstand,"HNEBC LED Nightstand with Charging Station (USB,Type-C Ports) High Gloss Bedside Table with 2 Drawers, Smart Night Stand with Auto Sensor Lights,Modern Bed Side Table for Bedroom (White)",139.99,USD,Amazon / HNEBC,https://www.amazon.com/dp/B0CHW368XK?tag=20260409-20,https://www.amazon.com/dp/B0CHW368XK,https://m.media-amazon.com/images/I/81JTX7AvZRL._AC_SL1500_.jpg,15.7,19.6,22.8,in,91018-1pcs-white,High gloss wood and glass mirror,modern,"A 91018-1pcs-white rectangular nightstand made with High gloss wood and glass mirror with Glossy finish matching this product title: HNEBC LED Nightstand with Charging Station (USB,Type-C Ports) High Gloss Bedside Table with 2 Drawers, Smart Night Stand with Auto Sensor Lights,Modern Bed Side Table for Bedroom (White).  Key detail: ✅【Glass Panel and Auto-Sensing 3-Colour Light】Smart nightstand with tempered glass desktop, two lighting modes, auto-sensing mode: automatically turns on when you approach and off ",ASIN: B0CHW368XK; Stock: In Stock; Reviews: 1127; Rating: 4.5
bedroom,nightstand,"Black Nightstand with Charging Station, Modern Night Stand with LED Lights, End Table Bedside Table with 2 Drawers for Bedroom, Living Room",61.99,USD,Amazon / BestHaped,https://www.amazon.com/dp/B0FF38SR8L?tag=20260409-20,https://www.amazon.com/dp/B0FF38SR8L,https://m.media-amazon.com/images/I/81fTidlSltL._AC_SL1500_.jpg,19.3,13.8,20.5,in,Black,Wood,modern,"A Black square nightstand made with Wood with Wood finish matching this product title: Black Nightstand with Charging Station, Modern Night Stand with LED Lights, End Table Bedside Table with 2 Drawers for Bedroom, Living Room.  Key detail: Black Nightstand with Charging Station: Features an embedded power strip with 2 USB ports and 2 power sockets for charging devices. Which is convenient for you to charge such as ph",ASIN: B0FF38SR8L; Stock: In Stock; Reviews: 68; Rating: 4
bedroom,nightstand,"FURSUN 24"" Fluted Nightstand with Charging Station, Wooden End Table with 2 Drawers Storage, Curved Profile Design, Modern Bedside Cabinet for Bedroom, Natural Oak",109.99,USD,Amazon / FURSUN,https://www.amazon.com/dp/B0F2FC8WT7?tag=20260409-20,https://www.amazon.com/dp/B0F2FC8WT7,https://m.media-amazon.com/images/I/71J8o4x2CKL._AC_SL1500_.jpg,23.6,15.6,25.2,in,Natural Oak,Engineered Wood,modern;scandinavian,"A Natural Oak rectangular nightstand made with Engineered Wood with Oak finish matching this product title: FURSUN 24"" Fluted Nightstand with Charging Station, Wooden End Table with 2 Drawers Storage, Curved Profile Design, Modern Bedside Cabinet for Bedroom, Natural Oak.  Key detail: 【Elegance Meets Chic】 Elevate your space with this nightstand, blending artful design and modern durability. Sculpted fluted details create captivating texture and depth, turning f",ASIN: B0F2FC8WT7; Stock: In Stock; Reviews: 120; Rating: 4.5
bedroom,nightstand,"T4TREAM Fluted 3 Drawers Nightstand, Oversized Extra Large Modern Side Table with Faux Marble Top, End Table Bedside for Bedroom, Living Room, Curved Profile Design, Natural Oak",149.99,USD,Amazon / T4TREAM,https://www.amazon.com/dp/B0DTTYPTC3?tag=20260409-20,https://www.amazon.com/dp/B0DTTYPTC3,https://m.media-amazon.com/images/I/91xfJa0mqtL._AC_SL1500_.jpg,32,16,32,in,Natural Oak,Engineered Wood,modern;scandinavian,"A Natural Oak rectangular nightstand made with Engineered Wood with Oak finish matching this product title: T4TREAM Fluted 3 Drawers Nightstand, Oversized Extra Large Modern Side Table with Faux Marble Top, End Table Bedside for Bedroom, Living Room, Curved Profile Design, Natural Oak.  Key detail: Timeless Elegance Meets Modern Chic: The distinctive wave-like fluted panel enhances the texture and spatial presence of this exceptional piece. The off-white faux marble top, ador",ASIN: B0DTTYPTC3; Stock: In stock; Reviews: 337; Rating: 4.5
bedroom,nightstand,"WLIVE Black LED Nightstand with Charging Station, 26 Inches Night Stand with Sliding Top, 2 Drawers, 29 Colors and Multi‑Scene Rhythms, Modern End Table for Bedroom, Living Room, Gaming Room",95.99,USD,Amazon / WLIVE,https://www.amazon.com/dp/B0DQ7GLXGF?tag=20260409-20,https://www.amazon.com/dp/B0DQ7GLXGF,https://m.media-amazon.com/images/I/61bOyedgzAL._AC_SL1500_.jpg,17.83,15.75,26.1,in,Black With 2 Drawers,Engineered Wood,modern,"A Black With 2 Drawers rectangular nightstand made with Engineered Wood with Black finish matching this product title: WLIVE Black LED Nightstand with Charging Station, 26 Inches Night Stand with Sliding Top, 2 Drawers, 29 Colors and Multi‑Scene Rhythms, Modern End Table for Bedroom, Living Room, Gaming Room.  Key detail: 【LED Nightstand】This black nightstand features a multi-color light strip controlled via a mobile app. Adjust brightness and colors for a relaxing atmosphere, perfect as a modern be",ASIN: B0DQ7GLXGF; Stock: In Stock; Reviews: 265; Rating: 4.2
living_room,rug,"SHACOS Soft Cozy Fluffy Arch Pattern High-Low Pile Textured Area Rug 5'3""x7'3"" Non Slip Washable Modern Geometric Rug Stain Resistant Contemporary Carpet for Living Room Bedroom Dining Room, Beige",65.99,USD,Amazon / SHACOS,https://www.amazon.com/dp/B0DC6C36M2?tag=20260409-20,https://www.amazon.com/dp/B0DC6C36M2,https://m.media-amazon.com/images/I/81hOPsHZrBL._AC_SL1500_.jpg,3,5,7,in,Beige,Polyester,modern;scandinavian;cozy,"A Beige rug made with Polyester matching this product title: SHACOS Soft Cozy Fluffy Arch Pattern High-Low Pile Textured Area Rug 5'3""x7'3"" Non Slip Washable Modern Geometric Rug Stain Resistant Contemporary Carpet for Living Room Bedroom Dining Room, Beige.  Key detail: Rainbow Arch Textured Rug with High Low Tuft Piles: This scandinavian rug is not printed, it is woven with 2 heights of piles. The high low pile effect creates wavy lines arch patt",ASIN: B0DC6C36M2; Stock: In Stock; Reviews: 222; Rating: 4.6
living_room,rug,"BEIMO Area Rugs 5x7 for Living Room Bedroom, Modern Abstract Machine Washable Large Light Green Rug Soft Rug, Low Pile Floor Carpet with Non Slip Backing for Dining Room",41.99,USD,Amazon / BEIMO,https://www.amazon.com/dp/B0DDK5QX3L?tag=20260409-20,https://www.amazon.com/dp/B0DDK5QX3L,https://m.media-amazon.com/images/I/81Nk8er8D9L._AC_SL1500_.jpg,,,,in,Light Green/Cream,Polyester,modern;cozy,"A Light Green/Cream rug made with Polyester matching this product title: BEIMO Area Rugs 5x7 for Living Room Bedroom, Modern Abstract Machine Washable Large Light Green Rug Soft Rug, Low Pile Floor Carpet with Non Slip Backing for Dining Room.  Key detail: Tender Touch: Experience the ultimate in luxury with our low-pile polyester modern 5x7 area rug, providing a cozy cushioned surface that eliminates the need for extra padding. This",ASIN: B0DDK5QX3L; Stock: In Stock; Reviews: 1555; Rating: 4.4
living_room,rug,8x10 Area Rugs for Living Room Bedroom: Ultra Soft Fluffy Shag Rug Upgrade Non-Slip Non-Shedding Large Fuzzy Plush Carpet Indoor Floor Carpets for Kids Room Playroom Nursery Dorms Home Decor Black,42.49,USD,Amazon / Luxturiy,https://www.amazon.com/dp/B0GHK7XRXL?tag=20260409-20,https://www.amazon.com/dp/B0GHK7XRXL,https://m.media-amazon.com/images/I/81ZE4KFRAKL._AC_SL1500_.jpg,,,,in,Black,Polyester,modern;minimalist;cozy,"A Black rug made with Polyester matching this product title: 8x10 Area Rugs for Living Room Bedroom: Ultra Soft Fluffy Shag Rug Upgrade Non-Slip Non-Shedding Large Fuzzy Plush Carpet Indoor Floor Carpets for Kids Room Playroom Nursery Dorms Home Decor Black.  Key detail: Ultra Soft Shag Rug: Experience cloud-like comfort with this fluffy 8x10 area rug. Its 1.4-inch high-density microfiber pile offers exceptional softness and gentle, soothing suppor",ASIN: B0GHK7XRXL; Stock: In Stock; Reviews: 350; Rating: 4.7
living_room,rug,"Srugn Washable Rugs 8x10 Area Rugs for Living Room,Ultra Soft Faux Wool Retro Rugs for Bedroom,Dining Room,Non Slip&Non-Shedding Low Pile Vintage Print Rug Indoor Large Carpets for Home Office Decor",79.99,USD,Amazon / Srugn,https://www.amazon.com/dp/B0DLK9F9S5?tag=20260409-20,https://www.amazon.com/dp/B0DLK9F9S5,https://m.media-amazon.com/images/I/81b5bwW2MKL._AC_SL1500_.jpg,,,,in,Beige-ivory-cream-brown-camel,"Faux Wool, Polyester, Rubber",boho;farmhouse;cozy,"A Beige-ivory-cream-brown-camel rug made with Faux Wool, Polyester, Rubber matching this product title: Srugn Washable Rugs 8x10 Area Rugs for Living Room,Ultra Soft Faux Wool Retro Rugs for Bedroom,Dining Room,Non Slip&Non-Shedding Low Pile Vintage Print Rug Indoor Large Carpets for Home Office Decor.  Key detail: CUSHIONED AND SOFT: Washable rugs might already exist, but none are as luxurious to touch as ours. More like a mat, these competitor products might be easy to clean, but walking ba",ASIN: B0DLK9F9S5; Stock: In Stock; Reviews: 2445; Rating: 4.4
living_room,rug,"Lahome Modern Rainbow Easy Jute Carpet, Washable 5x7 Area Rugs for Living Room Patio Black Farmhouse Indoor Outdoor Rugs, Contemporary Natural Non Slip Floor Carpet for Office RV Backyard",80.99,USD,Amazon / Lahome,https://www.amazon.com/dp/B0CFL4YFX2?tag=20260409-20,https://www.amazon.com/dp/B0CFL4YFX2,https://m.media-amazon.com/images/I/91Q2jEczrnL._AC_SL1500_.jpg,,,,in,Dark Grey/Charcoal Black,Polyester,modern;scandinavian;farmhouse,"A Dark Grey/Charcoal Black rug made with Polyester matching this product title: Lahome Modern Rainbow Easy Jute Carpet, Washable 5x7 Area Rugs for Living Room Patio Black Farmhouse Indoor Outdoor Rugs, Contemporary Natural Non Slip Floor Carpet for Office RV Backyard.  Key detail: Neutral Easy Jute Rug: Get a magic of a long lasting rug in the look of natural jute with our new Easy Jute rugs. (Not actually made from jute) Made of safe polyester that is not e",ASIN: B0CFL4YFX2; Stock: In Stock; Reviews: 2037; Rating: 4.3
living_room,rug,8x10 Area Rugs for Living Room - Washable Rug Modern Abstract Soft Large Neutral Non-Slip Carpet Indoor Floor Stain Resistant Thin Carpets for Bedroom Dining Room Farmhouse Nursery Home Office Grey,59.99,USD,Amazon / PLHXFR,https://www.amazon.com/dp/B0DDGT7CJR?tag=20260409-20,https://www.amazon.com/dp/B0DDGT7CJR,https://m.media-amazon.com/images/I/81bsVUbz55L._AC_SL1500_.jpg,,,,in,Grey,"face 100% polyester, backing 50% polyester and 50%TPE",modern;farmhouse,"A Grey rug made with face 100% polyester, backing 50% polyester and 50%TPE matching this product title: 8x10 Area Rugs for Living Room - Washable Rug Modern Abstract Soft Large Neutral Non-Slip Carpet Indoor Floor Stain Resistant Thin Carpets for Bedroom Dining Room Farmhouse Nursery Home Office Grey.  Key detail: Modern Abstract Decor Rugs: The modern abstract rug 8x10 with modern neutral abstract design whether placed the carpet on the floor of living room, bedroom, or dining room rugs for",ASIN: B0DDGT7CJR; Stock: In Stock; Reviews: 1462; Rating: 4.5
living_room,rug,"LIANLAM Washable Rug 8x10 Area Rugs for Living Room - Stain Resistant Non-Slip Backing Boho Rug for Bedroom,Durable & Ultra-Thin Vintage Large Area Rug(8x10,Black)",109.99,USD,Amazon / LIANLAM,https://www.amazon.com/dp/B0F18THK6R?tag=20260409-20,https://www.amazon.com/dp/B0F18THK6R,https://m.media-amazon.com/images/I/81yRVkb7qjL._AC_SL1500_.jpg,,,,in,Black,Polyester,modern;boho,"A Black rug made with Polyester matching this product title: LIANLAM Washable Rug 8x10 Area Rugs for Living Room - Stain Resistant Non-Slip Backing Boho Rug for Bedroom,Durable & Ultra-Thin Vintage Large Area Rug(8x10,Black).  Key detail: 【Non-slip and Secure Every Step】LIANLAM rugs are made of upgraded eco-friendly breathable cotton bottom and TPR backing, which can provide enough grip to secure it where you place ",ASIN: B0F18THK6R; Stock: In Stock  Only 1 left in stock - order soon.; Reviews: 570; Rating: 4.1
living_room,rug,"Valenrug Washable Rugs 5x8 - Stain Resistant 5x8 Area Rugs for Living Room, Non Slip Backing Printed Rugs for Bedroom, Folable Machine Washable Area Rug (5'x8', Beige)",69.99,USD,Amazon / Valenrug,https://www.amazon.com/dp/B0F7XGVSQX?tag=20260409-20,https://www.amazon.com/dp/B0F7XGVSQX,https://m.media-amazon.com/images/I/81LB0i+BufL._AC_SL1500_.jpg,,,,in,01-beige,Microfiber,modern,"A 01-beige rug made with Microfiber matching this product title: Valenrug Washable Rugs 5x8 - Stain Resistant 5x8 Area Rugs for Living Room, Non Slip Backing Printed Rugs for Bedroom, Folable Machine Washable Area Rug (5'x8', Beige).  Key detail: Lightweight Washable Rug - Our washable rugs are created to make maintenance a breeze. The area rug is ultra-thin with a 0.25-inch low pile height, spill & stain-resistant, it's ea",ASIN: B0F7XGVSQX; Stock: In Stock; Reviews: 1324; Rating: 4.3
living_room,rug,"YIHOUSE Modern Washable 8'x10' Area Rug for Living Room Bedroom - Large Abstract Black and White Rug Non-Slip Ultra-Thin Home Decor,Warping,8x10ft",128.99,USD,Amazon / YIHOUSE,https://www.amazon.com/dp/B0D5HWXW2Z?tag=20260409-20,https://www.amazon.com/dp/B0D5HWXW2Z,https://m.media-amazon.com/images/I/71lM-VIWWHL._AC_SL1500_.jpg,,,,in,Warping,Microfiber,modern,"A Warping rug made with Microfiber matching this product title: YIHOUSE Modern Washable 8'x10' Area Rug for Living Room Bedroom - Large Abstract Black and White Rug Non-Slip Ultra-Thin Home Decor,Warping,8x10ft.  Key detail: Living Room Rug for Home Decor: This black and white rug is designed by a girl who desires a lightweight, thin, and soft rug for easy carrying without assistance. It is perfect for",ASIN: B0D5HWXW2Z; Stock: In Stock; Reviews: 439; Rating: 4.1
living_room,rug,"GENIMO 5X7 Area Rugs for Living Room, Machine Washable Non Slip Vintage Area Rugs, Low Pile Lightweight Print Rug for Bedroom, Dining Room, Home Office, Light Taupe Brown",34.99,USD,Amazon / GENIMO,https://www.amazon.com/dp/B0CP3YS6JF?tag=20260409-20,https://www.amazon.com/dp/B0CP3YS6JF,https://m.media-amazon.com/images/I/91ZNFtzD2fL._AC_SL1500_.jpg,,,,in,Taupe,Polyester,modern;boho,"A Taupe rug made with Polyester matching this product title: GENIMO 5X7 Area Rugs for Living Room, Machine Washable Non Slip Vintage Area Rugs, Low Pile Lightweight Print Rug for Bedroom, Dining Room, Home Office, Light Taupe Brown.  Key detail: Soft & Well Designed: This area rug captures the opulence of vintage design with intricate floral patterns in harmonious shades. Made from high-quality low pile soft fibers, it pro",ASIN: B0CP3YS6JF; Stock: In Stock; Reviews: 3609; Rating: 4.4
living_room,wall_art,"Large Framed Abstract Nature Landscape Wall Art for Living Room, Set of 3 Modern Canvas Prints Paintings Artwork for Walls, Green Lake Pictures for Hallway, Dining Room, Office Wall Decor 24x36 Inch",139.99,USD,Amazon / Cuspin,https://www.amazon.com/dp/B0FBRKV3XT?tag=20260409-20,https://www.amazon.com/dp/B0FBRKV3XT,https://m.media-amazon.com/images/I/813CS22V11L._AC_SL1500_.jpg,36,24,3,in,Tranquil Lakeview,,modern;minimalist;cozy,"A Tranquil Lakeview wall art matching this product title: Large Framed Abstract Nature Landscape Wall Art for Living Room, Set of 3 Modern Canvas Prints Paintings Artwork for Walls, Green Lake Pictures for Hallway, Dining Room, Office Wall Decor 24x36 Inch.  Key detail: [Framed Wall Art]: A set of 3 contemporary large framed abstract nature lake landscape canvas wall art, each with a size of 24"" W x 36"" H. The total size when the 3 pieces are hung",ASIN: B0FBRKV3XT; Stock: In Stock; Reviews: 121; Rating: 4.6
living_room,wall_art,"Large Framed Abstract Vintage Canvas Wall Art for Living Room, Set of 4 Mid Century Modern Prints Paintings Artwork for Walls, Retro Neutral Pictures Wall Decor for Bedroom, Office, Dining Room",169.99,USD,Amazon / Cuspin,https://www.amazon.com/dp/B0G2C3SDKY?tag=20260409-20,https://www.amazon.com/dp/B0G2C3SDKY,https://m.media-amazon.com/images/I/81o2S4E-fFL._AC_SL1500_.jpg,,,,in,Neutral - 4Pcs,,modern;minimalist;farmhouse;cozy,"A Neutral - 4Pcs wall art matching this product title: Large Framed Abstract Vintage Canvas Wall Art for Living Room, Set of 4 Mid Century Modern Prints Paintings Artwork for Walls, Retro Neutral Pictures Wall Decor for Bedroom, Office, Dining Room.  Key detail: Framed Wall Art: This 4 piece framed canvas wall art set includes one 28"" x 28"" piece, one 24"" x 24"" panel, and two 20"" x 20"" pieces. Each artwork is mounted in a thick, sturdy sol",ASIN: B0G2C3SDKY; Stock: In Stock; Reviews: 3; Rating: 4.7
living_room,wall_art,"Framed Modern Neutral Wall Art for Living Room, 3 Piece Nature Summer Cozy Canvas Prints Painting, Minimalist Farmhouse Cat Botanical Peaceful Wall Decor for Bedroom Dining Room Office, 16x24 Inch",89.99,USD,Amazon / Cuspin,https://www.amazon.com/dp/B0G7HR16NY?tag=20260409-20,https://www.amazon.com/dp/B0G7HR16NY,https://m.media-amazon.com/images/I/71fLWlYt5wL._AC_SL1500_.jpg,24,16,3,in,Soft Beige & Green,,modern;minimalist;scandinavian;farmhouse;cozy,"A Soft Beige & Green wall art matching this product title: Framed Modern Neutral Wall Art for Living Room, 3 Piece Nature Summer Cozy Canvas Prints Painting, Minimalist Farmhouse Cat Botanical Peaceful Wall Decor for Bedroom Dining Room Office, 16x24 Inch.  Key detail: [Framed Wall Art]: This set includes 3 framed wall art pieces, each measuring approximately 16x24 inches. The modern wall art features a calm still life scene with soft sunshine an",ASIN: B0G7HR16NY; Stock: In Stock; Reviews: 81; Rating: 4.5
living_room,wall_art,"BINCUE Neutral Abstract Wall Art Beige Large Wall Decor Boho Mid Century Modern Artwork Art Print for Living Room Bedroom Office 24""x36"" Set of 3 Gift",129.99,USD,Amazon / BINCUE,https://www.amazon.com/dp/B0DHKP4K6H?tag=20260409-20,https://www.amazon.com/dp/B0DHKP4K6H,https://m.media-amazon.com/images/I/719njyZvV7L._AC_SL1200_.jpg,,,,in,Beige Neutral,,modern;scandinavian;boho;cozy,"A Beige Neutral wall art matching this product title: BINCUE Neutral Abstract Wall Art Beige Large Wall Decor Boho Mid Century Modern Artwork Art Print for Living Room Bedroom Office 24""x36"" Set of 3 Gift.  Key detail: 【Boho Wall Art Design 】This large beige boho wall art set,with its clean lines and circular patterns, combined with brown and beige colors, creates a cozy atmosphere. With a simple",ASIN: B0DHKP4K6H; Stock: In Stock; Reviews: 593; Rating: 4.5
living_room,wall_art,Anyzal Extra Large Boho Neutral Abstract Framed Wall Art 24x36 Inch Beige Modern Minimalist Canvas Wall Decor Mid-century Geometric Artwork for Living Room Bedroom Set of 3,129.99,USD,Amazon / Anyzal,https://www.amazon.com/dp/B0FGNYR754?tag=20260409-20,https://www.amazon.com/dp/B0FGNYR754,https://m.media-amazon.com/images/I/71LoCvG7BwL._AC_SL1200_.jpg,,,,in,Neutral Modern Line,,modern;minimalist;boho,"A Neutral Modern Line wall art matching this product title: Anyzal Extra Large Boho Neutral Abstract Framed Wall Art 24x36 Inch Beige Modern Minimalist Canvas Wall Decor Mid-century Geometric Artwork for Living Room Bedroom Set of 3.  Key detail: 【Large Neutral Abstract Wall Art】This boho mid century style wall painting, measuring 24x36 inches. This neutral artwork seamlessly combines line elements with modern artistic aest",ASIN: B0FGNYR754; Stock: In Stock; Reviews: 267; Rating: 4.2
living_room,wall_art,"Large Framed Neutral Abstract Wall Art for Living Room, Set of 2 Black and Beige Modern Canvas Prints Paintings Artwork for Walls, Minimalist Block Lines Pictures for Hallway Office Wall Decor 24x36 In",109.99,USD,Amazon / Cuspin,https://www.amazon.com/dp/B0DR5FNR6D?tag=20260409-20,https://www.amazon.com/dp/B0DR5FNR6D,https://m.media-amazon.com/images/I/81QpH5ffjDL._AC_SL1500_.jpg,36,24,2,in,Minimalism,,modern;minimalist;cozy,"A Minimalism wall art matching this product title: Large Framed Neutral Abstract Wall Art for Living Room, Set of 2 Black and Beige Modern Canvas Prints Paintings Artwork for Walls, Minimalist Block Lines Pictures for Hallway Office Wall Decor 24x36 In.  Key detail: [Framed Wall art]: A set of 2 large contemporary framed minimalist neutral black beige abstract wall art each 24x36 inches, 2 pieces totaling 36"" H x 48"" W. Each Painting with a st",ASIN: B0DR5FNR6D; Stock: In Stock; Reviews: 316; Rating: 4.5
living_room,wall_art,"3D Wooden Floral Bathroom Wall Decor (Set of 4) Lightweight, Ready-to-Hang Framed Wall Art For Living Room, Bedroom, or Office - Premium Boho Botanical Farmhouse Decorations - Gift-Boxed",44.99,USD,Amazon / Tide and Tales,https://www.amazon.com/dp/B0DHW91KK4?tag=20260409-20,https://www.amazon.com/dp/B0DHW91KK4,https://m.media-amazon.com/images/I/81Zgn5eG-5L._AC_SL1500_.jpg,,,,in,Naturals,,modern;minimalist;boho;farmhouse;cozy,"A Naturals wall art matching this product title: 3D Wooden Floral Bathroom Wall Decor (Set of 4) Lightweight, Ready-to-Hang Framed Wall Art For Living Room, Bedroom, or Office - Premium Boho Botanical Farmhouse Decorations - Gift-Boxed.  Key detail: Raised 3D Floral Cutout Design – Each piece features raised wooden floral cutouts that add texture and depth, setting your new decor apart from the usual prints and pictures. Desig",ASIN: B0DHW91KK4; Stock: In Stock; Reviews: 708; Rating: 4.7
living_room,wall_art,"Vintage Framed Green Abstract Wall Art, Modern Sage Green Canvas Prints Artwork for Walls, Contemporary Minimalist Square Pictures for Living Room Bedroom Dining Room Bathroom Wall Decor, 24x24 In",70.99,USD,Amazon / Cuspin,https://www.amazon.com/dp/B0G66ZG6JP?tag=20260409-20,https://www.amazon.com/dp/B0G66ZG6JP,https://m.media-amazon.com/images/I/81xCnVUjnUL._AC_SL1500_.jpg,,,,in,Green-B,,modern;minimalist;cozy,"A Green-B wall art matching this product title: Vintage Framed Green Abstract Wall Art, Modern Sage Green Canvas Prints Artwork for Walls, Contemporary Minimalist Square Pictures for Living Room Bedroom Dining Room Bathroom Wall Decor, 24x24 In.  Key detail: [Framed Wall Art]: This vintage framed abstract canvas paintings wall decor features a vintage-inspired wood frame that gives the artwork a warm, classic look while adding depth an",ASIN: B0G66ZG6JP; Stock: In Stock; Reviews: 13; Rating: 3.9
living_room,wall_art,"2Pcs Bauhaus Mid Century Modern Wall Art Retro Exhibition Posters Prints Green Boho Geometric Abstract Minimalist Wall Decor Pictures for Bedroom iving Room Dining Room UNFRAMED (Green, 12x16in)",14.99,USD,Amazon / ZARTMYY,https://www.amazon.com/dp/B0CHP49QX5?tag=20260409-20,https://www.amazon.com/dp/B0CHP49QX5,https://m.media-amazon.com/images/I/6138mIZyJKL._AC_SL1012_.jpg,,,,in,Green,,modern;minimalist;boho,"A Green wall art matching this product title: 2Pcs Bauhaus Mid Century Modern Wall Art Retro Exhibition Posters Prints Green Boho Geometric Abstract Minimalist Wall Decor Pictures for Bedroom iving Room Dining Room UNFRAMED (Green, 12x16in).  Key detail: 【BAUHAUS WALL ART】: You Will Be Received 2 Posters 12x16""(Unframed) Bauhaus-Style Wall Print，Add Some Geometric Flair To Your Space With Our Geometric Shapes Poster. Will Add A Mod",ASIN: B0CHP49QX5; Stock: In Stock; Reviews: 43; Rating: 4.3
living_room,wall_art,"3D Wood Textured Large Neutral Abstract Wall Art, Modern Beige Brown Geometric Paintings Artwork for Walls-Minimalist Wooden Wall Art Decor for Living Room Hallway Dining Room Bedroom Office Aesthetic",208.99,USD,Amazon / Cuspin,https://www.amazon.com/dp/B0F4C4XNJB?tag=20260409-20,https://www.amazon.com/dp/B0F4C4XNJB,https://m.media-amazon.com/images/I/81v-RSYPYpL._AC_SL1500_.jpg,,,,in,Brown Wood Block,,modern;minimalist;scandinavian;farmhouse;cozy,"A Brown Wood Block wall art matching this product title: 3D Wood Textured Large Neutral Abstract Wall Art, Modern Beige Brown Geometric Paintings Artwork for Walls-Minimalist Wooden Wall Art Decor for Living Room Hallway Dining Room Bedroom Office Aesthetic.  Key detail: [3D Wood Wall Art]: This wall art measuring 30×36 inches features a handcrafted arrangement of layered wooden blocks, creating a stunning abstract composition with depth, texture, ",ASIN: B0F4C4XNJB; Stock: In Stock; Reviews: 72; Rating: 4.4
